2026-01-02 20:44:29,083:WARNING:
'cuml' is a soft dependency and not included in the pycaret installation. Please run: `pip install cuml` to install.
2026-01-02 20:44:29,083:WARNING:
'cuml' is a soft dependency and not included in the pycaret installation. Please run: `pip install cuml` to install.
2026-01-02 20:44:29,083:WARNING:
'cuml' is a soft dependency and not included in the pycaret installation. Please run: `pip install cuml` to install.
2026-01-02 20:44:29,083:WARNING:
'cuml' is a soft dependency and not included in the pycaret installation. Please run: `pip install cuml` to install.
2026-01-02 20:44:44,565:INFO:PyCaret ClassificationExperiment
2026-01-02 20:44:44,565:INFO:Logging name: clf-default-name
2026-01-02 20:44:44,565:INFO:ML Usecase: MLUsecase.CLASSIFICATION
2026-01-02 20:44:44,565:INFO:version 3.3.2
2026-01-02 20:44:44,565:INFO:Initializing setup()
2026-01-02 20:44:44,565:INFO:self.USI: f46b
2026-01-02 20:44:44,565:INFO:self._variable_keys: {'memory', 'X', 'fold_shuffle_param', 'gpu_n_jobs_param', 'n_jobs_param', 'USI', 'seed', 'gpu_param', 'is_multiclass', 'y_test', 'exp_id', 'y_train', 'log_plots_param', 'html_param', 'fix_imbalance', 'target_param', 'fold_generator', 'X_train', 'data', 'idx', 'logging_param', 'exp_name_log', 'fold_groups_param', 'X_test', '_ml_usecase', 'y', 'pipeline', '_available_plots'}
2026-01-02 20:44:44,565:INFO:Checking environment
2026-01-02 20:44:44,565:INFO:python_version: 3.10.18
2026-01-02 20:44:44,565:INFO:python_build: ('main', 'Jun  3 2025 18:23:41')
2026-01-02 20:44:44,565:INFO:machine: arm64
2026-01-02 20:44:44,565:INFO:platform: macOS-15.6.1-arm64-arm-64bit
2026-01-02 20:44:44,565:INFO:Memory: svmem(total=51539607552, available=23360421888, percent=54.7, used=25991954432, free=319504384, active=22966927360, inactive=22406316032, wired=3025027072)
2026-01-02 20:44:44,565:INFO:Physical Core: 14
2026-01-02 20:44:44,565:INFO:Logical Core: 14
2026-01-02 20:44:44,565:INFO:Checking libraries
2026-01-02 20:44:44,565:INFO:System:
2026-01-02 20:44:44,565:INFO:    python: 3.10.18 (main, Jun  3 2025, 18:23:41) [Clang 17.0.0 (clang-1700.0.13.3)]
2026-01-02 20:44:44,565:INFO:executable: /opt/homebrew/opt/python@3.10/bin/python3.10
2026-01-02 20:44:44,565:INFO:   machine: macOS-15.6.1-arm64-arm-64bit
2026-01-02 20:44:44,565:INFO:PyCaret required dependencies:
2026-01-02 20:44:44,566:WARNING:/opt/homebrew/Cellar/python@3.10/3.10.18/Frameworks/Python.framework/Versions/3.10/lib/python3.10/site-packages/_distutils_hack/__init__.py:30: UserWarning: Setuptools is replacing distutils. Support for replacing an already imported distutils is deprecated. In the future, this condition will fail. Register concerns at https://github.com/pypa/setuptools/issues/new?template=distutils-deprecation.yml
  warnings.warn(

2026-01-02 20:44:49,125:INFO:                 pip: 25.3
2026-01-02 20:44:49,125:INFO:          setuptools: 80.9.0
2026-01-02 20:44:49,125:INFO:             pycaret: 3.3.2
2026-01-02 20:44:49,125:INFO:             IPython: 8.37.0
2026-01-02 20:44:49,125:INFO:          ipywidgets: 8.1.8
2026-01-02 20:44:49,125:INFO:                tqdm: 4.67.1
2026-01-02 20:44:49,125:INFO:               numpy: 1.26.4
2026-01-02 20:44:49,125:INFO:              pandas: 2.1.4
2026-01-02 20:44:49,125:INFO:              jinja2: 3.1.6
2026-01-02 20:44:49,125:INFO:               scipy: 1.11.4
2026-01-02 20:44:49,125:INFO:              joblib: 1.3.2
2026-01-02 20:44:49,125:INFO:             sklearn: 1.4.2
2026-01-02 20:44:49,125:INFO:                pyod: 2.0.6
2026-01-02 20:44:49,125:INFO:            imblearn: 0.14.1
2026-01-02 20:44:49,125:INFO:   category_encoders: 2.7.0
2026-01-02 20:44:49,125:INFO:            lightgbm: 4.6.0
2026-01-02 20:44:49,125:INFO:               numba: 0.62.1
2026-01-02 20:44:49,125:INFO:            requests: 2.32.5
2026-01-02 20:44:49,125:INFO:          matplotlib: 3.7.5
2026-01-02 20:44:49,125:INFO:          scikitplot: 0.3.7
2026-01-02 20:44:49,125:INFO:         yellowbrick: 1.5
2026-01-02 20:44:49,125:INFO:              plotly: 5.24.1
2026-01-02 20:44:49,125:INFO:    plotly-resampler: Not installed
2026-01-02 20:44:49,125:INFO:             kaleido: 1.2.0
2026-01-02 20:44:49,125:INFO:           schemdraw: 0.15
2026-01-02 20:44:49,125:INFO:         statsmodels: 0.14.6
2026-01-02 20:44:49,125:INFO:              sktime: 0.26.0
2026-01-02 20:44:49,125:INFO:               tbats: 1.1.3
2026-01-02 20:44:49,125:INFO:            pmdarima: 2.0.4
2026-01-02 20:44:49,125:INFO:              psutil: 7.1.0
2026-01-02 20:44:49,125:INFO:          markupsafe: 3.0.3
2026-01-02 20:44:49,125:INFO:             pickle5: Not installed
2026-01-02 20:44:49,125:INFO:         cloudpickle: 3.1.2
2026-01-02 20:44:49,125:INFO:         deprecation: 2.1.0
2026-01-02 20:44:49,125:INFO:              xxhash: 3.6.0
2026-01-02 20:44:49,125:INFO:           wurlitzer: 3.1.1
2026-01-02 20:44:49,125:INFO:PyCaret optional dependencies:
2026-01-02 20:44:54,882:INFO:                shap: 0.44.1
2026-01-02 20:44:54,882:INFO:           interpret: 0.7.3
2026-01-02 20:44:54,882:INFO:                umap: 0.5.7
2026-01-02 20:44:54,882:INFO:     ydata_profiling: 4.18.0
2026-01-02 20:44:54,882:INFO:  explainerdashboard: 0.5.1
2026-01-02 20:44:54,882:INFO:             autoviz: Not installed
2026-01-02 20:44:54,882:INFO:           fairlearn: 0.7.0
2026-01-02 20:44:54,882:INFO:          deepchecks: Not installed
2026-01-02 20:44:54,882:INFO:             xgboost: 3.1.2
2026-01-02 20:44:54,882:INFO:            catboost: 1.1.1
2026-01-02 20:44:54,882:INFO:              kmodes: 0.12.2
2026-01-02 20:44:54,882:INFO:             mlxtend: 0.23.4
2026-01-02 20:44:54,882:INFO:       statsforecast: 1.5.0
2026-01-02 20:44:54,882:INFO:        tune_sklearn: 0.5.0
2026-01-02 20:44:54,882:INFO:                 ray: 2.53.0
2026-01-02 20:44:54,882:INFO:            hyperopt: 0.2.7
2026-01-02 20:44:54,882:INFO:              optuna: 4.6.0
2026-01-02 20:44:54,882:INFO:               skopt: 0.10.2
2026-01-02 20:44:54,882:INFO:              mlflow: 3.8.1
2026-01-02 20:44:54,882:INFO:              gradio: 6.2.0
2026-01-02 20:44:54,882:INFO:             fastapi: 0.128.0
2026-01-02 20:44:54,882:INFO:             uvicorn: 0.40.0
2026-01-02 20:44:54,882:INFO:              m2cgen: 0.10.0
2026-01-02 20:44:54,882:INFO:           evidently: 0.4.40
2026-01-02 20:44:54,882:INFO:               fugue: 0.8.7
2026-01-02 20:44:54,882:INFO:           streamlit: Not installed
2026-01-02 20:44:54,882:INFO:             prophet: Not installed
2026-01-02 20:44:54,882:INFO:None
2026-01-02 20:44:54,882:INFO:Set up data.
2026-01-02 20:44:54,887:INFO:Set up folding strategy.
2026-01-02 20:44:54,887:INFO:Set up train/test split.
2026-01-02 20:44:54,890:INFO:Set up index.
2026-01-02 20:44:54,890:INFO:Assigning column types.
2026-01-02 20:44:54,891:INFO:Engine successfully changes for model 'lr' to 'sklearn'.
2026-01-02 20:44:54,908:INFO:Engine for model 'knn' has not been set explicitly, hence returning None.
2026-01-02 20:44:54,910:INFO:Engine for model 'rbfsvm' has not been set explicitly, hence returning None.
2026-01-02 20:44:54,921:INFO:Soft dependency imported: xgboost: 3.1.2
2026-01-02 20:44:54,921:INFO:Soft dependency imported: catboost: 1.1.1
2026-01-02 20:44:55,751:INFO:Engine for model 'knn' has not been set explicitly, hence returning None.
2026-01-02 20:44:55,752:INFO:Engine for model 'rbfsvm' has not been set explicitly, hence returning None.
2026-01-02 20:44:55,762:INFO:Soft dependency imported: xgboost: 3.1.2
2026-01-02 20:44:55,763:INFO:Soft dependency imported: catboost: 1.1.1
2026-01-02 20:44:55,763:INFO:Engine successfully changes for model 'knn' to 'sklearn'.
2026-01-02 20:44:55,778:INFO:Engine for model 'rbfsvm' has not been set explicitly, hence returning None.
2026-01-02 20:44:55,786:INFO:Soft dependency imported: xgboost: 3.1.2
2026-01-02 20:44:55,787:INFO:Soft dependency imported: catboost: 1.1.1
2026-01-02 20:44:55,800:INFO:Engine for model 'rbfsvm' has not been set explicitly, hence returning None.
2026-01-02 20:44:55,807:INFO:Soft dependency imported: xgboost: 3.1.2
2026-01-02 20:44:55,808:INFO:Soft dependency imported: catboost: 1.1.1
2026-01-02 20:44:55,808:INFO:Engine successfully changes for model 'rbfsvm' to 'sklearn'.
2026-01-02 20:44:55,827:INFO:Soft dependency imported: xgboost: 3.1.2
2026-01-02 20:44:55,828:INFO:Soft dependency imported: catboost: 1.1.1
2026-01-02 20:44:55,847:INFO:Soft dependency imported: xgboost: 3.1.2
2026-01-02 20:44:55,848:INFO:Soft dependency imported: catboost: 1.1.1
2026-01-02 20:44:55,848:INFO:Preparing preprocessing pipeline...
2026-01-02 20:44:55,849:INFO:Set up simple imputation.
2026-01-02 20:44:55,850:INFO:Set up encoding of ordinal features.
2026-01-02 20:44:55,850:INFO:Set up encoding of categorical features.
2026-01-02 20:44:55,850:INFO:Set up feature normalization.
2026-01-02 20:44:55,884:INFO:Finished creating preprocessing pipeline.
2026-01-02 20:44:55,889:INFO:Pipeline: Pipeline(memory=FastMemory(location=/var/folders/qq/pvvjcqys15v14km9lr6xcy1w0000gn/T/joblib),
         steps=[('numerical_imputer',
                 TransformerWrapper(exclude=None,
                                    include=['LnguaPortuguesaeLiteraturaI90H',
                                             'MatemticaI120H', 'idade'],
                                    transformer=SimpleImputer(add_indicator=False,
                                                              copy=True,
                                                              fill_value=None,
                                                              keep_empty_features=False,
                                                              missing_values=nan,
                                                              strategy='me...
                                             'descricao_raca'],
                                    transformer=OneHotEncoder(cols=['descricao_responsavel_escolaridade',
                                                                    'descricao_raca'],
                                                              drop_invariant=False,
                                                              handle_missing='return_nan',
                                                              handle_unknown='value',
                                                              return_df=True,
                                                              use_cat_names=True,
                                                              verbose=0))),
                ('normalize',
                 TransformerWrapper(exclude=None, include=None,
                                    transformer=MinMaxScaler(clip=False,
                                                             copy=True,
                                                             feature_range=(0,
                                                                            1))))],
         verbose=False)
2026-01-02 20:44:55,889:INFO:Creating final display dataframe.
2026-01-02 20:44:55,964:INFO:Setup _display_container:                     Description             Value
0                    Session id                42
1                        Target            classe
2                   Target type            Binary
3           Original data shape         (8908, 7)
4        Transformed data shape        (8908, 22)
5   Transformed train set shape        (7126, 22)
6    Transformed test set shape        (1782, 22)
7              Numeric features                 3
8          Categorical features                 3
9      Rows with missing values             19.1%
10                   Preprocess              True
11              Imputation type            simple
12           Numeric imputation            median
13       Categorical imputation              mode
14     Maximum one-hot encoding                25
15              Encoding method              None
16                    Normalize              True
17             Normalize method            minmax
18               Fold Generator   StratifiedKFold
19                  Fold Number                10
20                     CPU Jobs                -1
21                      Use GPU             False
22               Log Experiment             False
23              Experiment Name  clf-default-name
24                          USI              f46b
2026-01-02 20:44:55,987:INFO:Soft dependency imported: xgboost: 3.1.2
2026-01-02 20:44:55,988:INFO:Soft dependency imported: catboost: 1.1.1
2026-01-02 20:44:56,010:INFO:Soft dependency imported: xgboost: 3.1.2
2026-01-02 20:44:56,011:INFO:Soft dependency imported: catboost: 1.1.1
2026-01-02 20:44:56,012:INFO:setup() successfully completed in 11.45s...............
2026-01-02 20:44:56,018:INFO:Initializing compare_models()
2026-01-02 20:44:56,018:INFO:compare_models(self=<pycaret.classification.oop.ClassificationExperiment object at 0x168dc7a60>, include=None, fold=5, round=4, cross_validation=True, sort=AUC, n_select=3, budget_time=None, turbo=True, errors=ignore, fit_kwargs=None, groups=None, experiment_custom_tags=None, probability_threshold=None, verbose=True, parallel=None, caller_params={'self': <pycaret.classification.oop.ClassificationExperiment object at 0x168dc7a60>, 'include': None, 'exclude': None, 'fold': 5, 'round': 4, 'cross_validation': True, 'sort': 'AUC', 'n_select': 3, 'budget_time': None, 'turbo': True, 'errors': 'ignore', 'fit_kwargs': None, 'groups': None, 'experiment_custom_tags': None, 'probability_threshold': None, 'engine': None, 'verbose': True, 'parallel': None, '__class__': <class 'pycaret.classification.oop.ClassificationExperiment'>}, exclude=None)
2026-01-02 20:44:56,019:INFO:Checking exceptions
2026-01-02 20:44:56,021:INFO:Preparing display monitor
2026-01-02 20:44:56,059:INFO:Initializing Logistic Regression
2026-01-02 20:44:56,059:INFO:Total runtime is 2.002716064453125e-06 minutes
2026-01-02 20:44:56,060:INFO:SubProcess create_model() called ==================================
2026-01-02 20:44:56,060:INFO:Initializing create_model()
2026-01-02 20:44:56,060:INFO:create_model(self=<pycaret.classification.oop.ClassificationExperiment object at 0x168dc7a60>, estimator=lr, fold=StratifiedKFold(n_splits=5, random_state=None, shuffle=False), round=4, cross_validation=True, predict=True, fit_kwargs={}, groups=None, refit=False, probability_threshold=None, experiment_custom_tags=None, verbose=False, system=False, add_to_model_list=True, metrics=None, display=<pycaret.internal.display.display.CommonDisplay object at 0x168dc7ac0>, model_only=True, return_train_score=False, error_score=0.0, kwargs={})
2026-01-02 20:44:56,060:INFO:Checking exceptions
2026-01-02 20:44:56,060:INFO:Importing libraries
2026-01-02 20:44:56,061:INFO:Copying training dataset
2026-01-02 20:44:56,064:INFO:Defining folds
2026-01-02 20:44:56,064:INFO:Declaring metric variables
2026-01-02 20:44:56,065:INFO:Importing untrained model
2026-01-02 20:44:56,066:INFO:Logistic Regression Imported successfully
2026-01-02 20:44:56,068:INFO:Starting cross validation
2026-01-02 20:44:56,069:INFO:Cross validating with StratifiedKFold(n_splits=5, random_state=None, shuffle=False), n_jobs=-1
2026-01-02 20:44:58,023:WARNING:/opt/homebrew/Cellar/python@3.10/3.10.18/Frameworks/Python.framework/Versions/3.10/lib/python3.10/site-packages/_distutils_hack/__init__.py:30: UserWarning: Setuptools is replacing distutils. Support for replacing an already imported distutils is deprecated. In the future, this condition will fail. Register concerns at https://github.com/pypa/setuptools/issues/new?template=distutils-deprecation.yml
  warnings.warn(

2026-01-02 20:44:58,023:WARNING:/opt/homebrew/Cellar/python@3.10/3.10.18/Frameworks/Python.framework/Versions/3.10/lib/python3.10/site-packages/_distutils_hack/__init__.py:30: UserWarning: Setuptools is replacing distutils. Support for replacing an already imported distutils is deprecated. In the future, this condition will fail. Register concerns at https://github.com/pypa/setuptools/issues/new?template=distutils-deprecation.yml
  warnings.warn(

2026-01-02 20:44:58,023:WARNING:/opt/homebrew/Cellar/python@3.10/3.10.18/Frameworks/Python.framework/Versions/3.10/lib/python3.10/site-packages/_distutils_hack/__init__.py:30: UserWarning: Setuptools is replacing distutils. Support for replacing an already imported distutils is deprecated. In the future, this condition will fail. Register concerns at https://github.com/pypa/setuptools/issues/new?template=distutils-deprecation.yml
  warnings.warn(

2026-01-02 20:44:58,023:WARNING:/opt/homebrew/Cellar/python@3.10/3.10.18/Frameworks/Python.framework/Versions/3.10/lib/python3.10/site-packages/_distutils_hack/__init__.py:30: UserWarning: Setuptools is replacing distutils. Support for replacing an already imported distutils is deprecated. In the future, this condition will fail. Register concerns at https://github.com/pypa/setuptools/issues/new?template=distutils-deprecation.yml
  warnings.warn(

2026-01-02 20:44:58,023:WARNING:/opt/homebrew/Cellar/python@3.10/3.10.18/Frameworks/Python.framework/Versions/3.10/lib/python3.10/site-packages/_distutils_hack/__init__.py:30: UserWarning: Setuptools is replacing distutils. Support for replacing an already imported distutils is deprecated. In the future, this condition will fail. Register concerns at https://github.com/pypa/setuptools/issues/new?template=distutils-deprecation.yml
  warnings.warn(

2026-01-02 20:44:58,462:INFO:Calculating mean and std
2026-01-02 20:44:58,463:INFO:Creating metrics dataframe
2026-01-02 20:44:58,465:INFO:Uploading results into container
2026-01-02 20:44:58,465:INFO:Uploading model into container now
2026-01-02 20:44:58,466:INFO:_master_model_container: 1
2026-01-02 20:44:58,466:INFO:_display_container: 2
2026-01-02 20:44:58,466:INFO:LogisticRegression(C=1.0, class_weight=None, dual=False, fit_intercept=True,
                   intercept_scaling=1, l1_ratio=None, max_iter=1000,
                   multi_class='auto', n_jobs=None, penalty='l2',
                   random_state=42, solver='lbfgs', tol=0.0001, verbose=0,
                   warm_start=False)
2026-01-02 20:44:58,467:INFO:create_model() successfully completed......................................
2026-01-02 20:44:58,540:INFO:SubProcess create_model() end ==================================
2026-01-02 20:44:58,541:INFO:Creating metrics dataframe
2026-01-02 20:44:58,543:INFO:Initializing K Neighbors Classifier
2026-01-02 20:44:58,543:INFO:Total runtime is 0.041400802135467527 minutes
2026-01-02 20:44:58,544:INFO:SubProcess create_model() called ==================================
2026-01-02 20:44:58,544:INFO:Initializing create_model()
2026-01-02 20:44:58,544:INFO:create_model(self=<pycaret.classification.oop.ClassificationExperiment object at 0x168dc7a60>, estimator=knn, fold=StratifiedKFold(n_splits=5, random_state=None, shuffle=False), round=4, cross_validation=True, predict=True, fit_kwargs={}, groups=None, refit=False, probability_threshold=None, experiment_custom_tags=None, verbose=False, system=False, add_to_model_list=True, metrics=None, display=<pycaret.internal.display.display.CommonDisplay object at 0x168dc7ac0>, model_only=True, return_train_score=False, error_score=0.0, kwargs={})
2026-01-02 20:44:58,544:INFO:Checking exceptions
2026-01-02 20:44:58,544:INFO:Importing libraries
2026-01-02 20:44:58,544:INFO:Copying training dataset
2026-01-02 20:44:58,546:INFO:Defining folds
2026-01-02 20:44:58,546:INFO:Declaring metric variables
2026-01-02 20:44:58,547:INFO:Importing untrained model
2026-01-02 20:44:58,548:INFO:K Neighbors Classifier Imported successfully
2026-01-02 20:44:58,550:INFO:Starting cross validation
2026-01-02 20:44:58,551:INFO:Cross validating with StratifiedKFold(n_splits=5, random_state=None, shuffle=False), n_jobs=-1
2026-01-02 20:44:59,483:WARNING:/opt/homebrew/Cellar/python@3.10/3.10.18/Frameworks/Python.framework/Versions/3.10/lib/python3.10/site-packages/_distutils_hack/__init__.py:30: UserWarning: Setuptools is replacing distutils. Support for replacing an already imported distutils is deprecated. In the future, this condition will fail. Register concerns at https://github.com/pypa/setuptools/issues/new?template=distutils-deprecation.yml
  warnings.warn(

2026-01-02 20:44:59,483:WARNING:/opt/homebrew/Cellar/python@3.10/3.10.18/Frameworks/Python.framework/Versions/3.10/lib/python3.10/site-packages/_distutils_hack/__init__.py:30: UserWarning: Setuptools is replacing distutils. Support for replacing an already imported distutils is deprecated. In the future, this condition will fail. Register concerns at https://github.com/pypa/setuptools/issues/new?template=distutils-deprecation.yml
  warnings.warn(

2026-01-02 20:44:59,483:WARNING:/opt/homebrew/Cellar/python@3.10/3.10.18/Frameworks/Python.framework/Versions/3.10/lib/python3.10/site-packages/_distutils_hack/__init__.py:30: UserWarning: Setuptools is replacing distutils. Support for replacing an already imported distutils is deprecated. In the future, this condition will fail. Register concerns at https://github.com/pypa/setuptools/issues/new?template=distutils-deprecation.yml
  warnings.warn(

2026-01-02 20:44:59,890:INFO:Calculating mean and std
2026-01-02 20:44:59,891:INFO:Creating metrics dataframe
2026-01-02 20:44:59,892:INFO:Uploading results into container
2026-01-02 20:44:59,892:INFO:Uploading model into container now
2026-01-02 20:44:59,892:INFO:_master_model_container: 2
2026-01-02 20:44:59,892:INFO:_display_container: 2
2026-01-02 20:44:59,893:INFO:KNeighborsClassifier(algorithm='auto', leaf_size=30, metric='minkowski',
                     metric_params=None, n_jobs=-1, n_neighbors=5, p=2,
                     weights='uniform')
2026-01-02 20:44:59,893:INFO:create_model() successfully completed......................................
2026-01-02 20:44:59,958:INFO:SubProcess create_model() end ==================================
2026-01-02 20:44:59,958:INFO:Creating metrics dataframe
2026-01-02 20:44:59,961:INFO:Initializing Naive Bayes
2026-01-02 20:44:59,961:INFO:Total runtime is 0.0650305191675822 minutes
2026-01-02 20:44:59,962:INFO:SubProcess create_model() called ==================================
2026-01-02 20:44:59,962:INFO:Initializing create_model()
2026-01-02 20:44:59,962:INFO:create_model(self=<pycaret.classification.oop.ClassificationExperiment object at 0x168dc7a60>, estimator=nb, fold=StratifiedKFold(n_splits=5, random_state=None, shuffle=False), round=4, cross_validation=True, predict=True, fit_kwargs={}, groups=None, refit=False, probability_threshold=None, experiment_custom_tags=None, verbose=False, system=False, add_to_model_list=True, metrics=None, display=<pycaret.internal.display.display.CommonDisplay object at 0x168dc7ac0>, model_only=True, return_train_score=False, error_score=0.0, kwargs={})
2026-01-02 20:44:59,962:INFO:Checking exceptions
2026-01-02 20:44:59,962:INFO:Importing libraries
2026-01-02 20:44:59,962:INFO:Copying training dataset
2026-01-02 20:44:59,964:INFO:Defining folds
2026-01-02 20:44:59,964:INFO:Declaring metric variables
2026-01-02 20:44:59,965:INFO:Importing untrained model
2026-01-02 20:44:59,966:INFO:Naive Bayes Imported successfully
2026-01-02 20:44:59,968:INFO:Starting cross validation
2026-01-02 20:44:59,969:INFO:Cross validating with StratifiedKFold(n_splits=5, random_state=None, shuffle=False), n_jobs=-1
2026-01-02 20:45:00,845:WARNING:/opt/homebrew/Cellar/python@3.10/3.10.18/Frameworks/Python.framework/Versions/3.10/lib/python3.10/site-packages/_distutils_hack/__init__.py:30: UserWarning: Setuptools is replacing distutils. Support for replacing an already imported distutils is deprecated. In the future, this condition will fail. Register concerns at https://github.com/pypa/setuptools/issues/new?template=distutils-deprecation.yml
  warnings.warn(

2026-01-02 20:45:00,845:WARNING:/opt/homebrew/Cellar/python@3.10/3.10.18/Frameworks/Python.framework/Versions/3.10/lib/python3.10/site-packages/_distutils_hack/__init__.py:30: UserWarning: Setuptools is replacing distutils. Support for replacing an already imported distutils is deprecated. In the future, this condition will fail. Register concerns at https://github.com/pypa/setuptools/issues/new?template=distutils-deprecation.yml
  warnings.warn(

2026-01-02 20:45:01,169:INFO:Calculating mean and std
2026-01-02 20:45:01,170:INFO:Creating metrics dataframe
2026-01-02 20:45:01,171:INFO:Uploading results into container
2026-01-02 20:45:01,171:INFO:Uploading model into container now
2026-01-02 20:45:01,172:INFO:_master_model_container: 3
2026-01-02 20:45:01,172:INFO:_display_container: 2
2026-01-02 20:45:01,172:INFO:GaussianNB(priors=None, var_smoothing=1e-09)
2026-01-02 20:45:01,172:INFO:create_model() successfully completed......................................
2026-01-02 20:45:01,240:INFO:SubProcess create_model() end ==================================
2026-01-02 20:45:01,240:INFO:Creating metrics dataframe
2026-01-02 20:45:01,242:INFO:Initializing Decision Tree Classifier
2026-01-02 20:45:01,242:INFO:Total runtime is 0.08639298677444458 minutes
2026-01-02 20:45:01,243:INFO:SubProcess create_model() called ==================================
2026-01-02 20:45:01,244:INFO:Initializing create_model()
2026-01-02 20:45:01,244:INFO:create_model(self=<pycaret.classification.oop.ClassificationExperiment object at 0x168dc7a60>, estimator=dt, fold=StratifiedKFold(n_splits=5, random_state=None, shuffle=False), round=4, cross_validation=True, predict=True, fit_kwargs={}, groups=None, refit=False, probability_threshold=None, experiment_custom_tags=None, verbose=False, system=False, add_to_model_list=True, metrics=None, display=<pycaret.internal.display.display.CommonDisplay object at 0x168dc7ac0>, model_only=True, return_train_score=False, error_score=0.0, kwargs={})
2026-01-02 20:45:01,244:INFO:Checking exceptions
2026-01-02 20:45:01,244:INFO:Importing libraries
2026-01-02 20:45:01,244:INFO:Copying training dataset
2026-01-02 20:45:01,246:INFO:Defining folds
2026-01-02 20:45:01,246:INFO:Declaring metric variables
2026-01-02 20:45:01,247:INFO:Importing untrained model
2026-01-02 20:45:01,248:INFO:Decision Tree Classifier Imported successfully
2026-01-02 20:45:01,250:INFO:Starting cross validation
2026-01-02 20:45:01,250:INFO:Cross validating with StratifiedKFold(n_splits=5, random_state=None, shuffle=False), n_jobs=-1
2026-01-02 20:45:02,102:WARNING:/opt/homebrew/Cellar/python@3.10/3.10.18/Frameworks/Python.framework/Versions/3.10/lib/python3.10/site-packages/_distutils_hack/__init__.py:30: UserWarning: Setuptools is replacing distutils. Support for replacing an already imported distutils is deprecated. In the future, this condition will fail. Register concerns at https://github.com/pypa/setuptools/issues/new?template=distutils-deprecation.yml
  warnings.warn(

2026-01-02 20:45:02,428:INFO:Calculating mean and std
2026-01-02 20:45:02,429:INFO:Creating metrics dataframe
2026-01-02 20:45:02,429:INFO:Uploading results into container
2026-01-02 20:45:02,430:INFO:Uploading model into container now
2026-01-02 20:45:02,430:INFO:_master_model_container: 4
2026-01-02 20:45:02,430:INFO:_display_container: 2
2026-01-02 20:45:02,430:INFO:DecisionTreeClassifier(ccp_alpha=0.0, class_weight=None, criterion='gini',
                       max_depth=None, max_features=None, max_leaf_nodes=None,
                       min_impurity_decrease=0.0, min_samples_leaf=1,
                       min_samples_split=2, min_weight_fraction_leaf=0.0,
                       monotonic_cst=None, random_state=42, splitter='best')
2026-01-02 20:45:02,430:INFO:create_model() successfully completed......................................
2026-01-02 20:45:02,491:INFO:SubProcess create_model() end ==================================
2026-01-02 20:45:02,491:INFO:Creating metrics dataframe
2026-01-02 20:45:02,494:INFO:Initializing SVM - Linear Kernel
2026-01-02 20:45:02,494:INFO:Total runtime is 0.10725908676783244 minutes
2026-01-02 20:45:02,495:INFO:SubProcess create_model() called ==================================
2026-01-02 20:45:02,496:INFO:Initializing create_model()
2026-01-02 20:45:02,496:INFO:create_model(self=<pycaret.classification.oop.ClassificationExperiment object at 0x168dc7a60>, estimator=svm, fold=StratifiedKFold(n_splits=5, random_state=None, shuffle=False), round=4, cross_validation=True, predict=True, fit_kwargs={}, groups=None, refit=False, probability_threshold=None, experiment_custom_tags=None, verbose=False, system=False, add_to_model_list=True, metrics=None, display=<pycaret.internal.display.display.CommonDisplay object at 0x168dc7ac0>, model_only=True, return_train_score=False, error_score=0.0, kwargs={})
2026-01-02 20:45:02,496:INFO:Checking exceptions
2026-01-02 20:45:02,496:INFO:Importing libraries
2026-01-02 20:45:02,496:INFO:Copying training dataset
2026-01-02 20:45:02,498:INFO:Defining folds
2026-01-02 20:45:02,498:INFO:Declaring metric variables
2026-01-02 20:45:02,498:INFO:Importing untrained model
2026-01-02 20:45:02,499:INFO:SVM - Linear Kernel Imported successfully
2026-01-02 20:45:02,502:INFO:Starting cross validation
2026-01-02 20:45:02,502:INFO:Cross validating with StratifiedKFold(n_splits=5, random_state=None, shuffle=False), n_jobs=-1
2026-01-02 20:45:02,565:INFO:Calculating mean and std
2026-01-02 20:45:02,566:INFO:Creating metrics dataframe
2026-01-02 20:45:02,567:INFO:Uploading results into container
2026-01-02 20:45:02,567:INFO:Uploading model into container now
2026-01-02 20:45:02,567:INFO:_master_model_container: 5
2026-01-02 20:45:02,567:INFO:_display_container: 2
2026-01-02 20:45:02,567:INFO:SGDClassifier(alpha=0.0001, average=False, class_weight=None,
              early_stopping=False, epsilon=0.1, eta0=0.001, fit_intercept=True,
              l1_ratio=0.15, learning_rate='optimal', loss='hinge',
              max_iter=1000, n_iter_no_change=5, n_jobs=-1, penalty='l2',
              power_t=0.5, random_state=42, shuffle=True, tol=0.001,
              validation_fraction=0.1, verbose=0, warm_start=False)
2026-01-02 20:45:02,567:INFO:create_model() successfully completed......................................
2026-01-02 20:45:02,628:INFO:SubProcess create_model() end ==================================
2026-01-02 20:45:02,628:INFO:Creating metrics dataframe
2026-01-02 20:45:02,631:INFO:Initializing Ridge Classifier
2026-01-02 20:45:02,632:INFO:Total runtime is 0.10954585472742717 minutes
2026-01-02 20:45:02,633:INFO:SubProcess create_model() called ==================================
2026-01-02 20:45:02,633:INFO:Initializing create_model()
2026-01-02 20:45:02,633:INFO:create_model(self=<pycaret.classification.oop.ClassificationExperiment object at 0x168dc7a60>, estimator=ridge, fold=StratifiedKFold(n_splits=5, random_state=None, shuffle=False), round=4, cross_validation=True, predict=True, fit_kwargs={}, groups=None, refit=False, probability_threshold=None, experiment_custom_tags=None, verbose=False, system=False, add_to_model_list=True, metrics=None, display=<pycaret.internal.display.display.CommonDisplay object at 0x168dc7ac0>, model_only=True, return_train_score=False, error_score=0.0, kwargs={})
2026-01-02 20:45:02,633:INFO:Checking exceptions
2026-01-02 20:45:02,633:INFO:Importing libraries
2026-01-02 20:45:02,633:INFO:Copying training dataset
2026-01-02 20:45:02,635:INFO:Defining folds
2026-01-02 20:45:02,635:INFO:Declaring metric variables
2026-01-02 20:45:02,635:INFO:Importing untrained model
2026-01-02 20:45:02,636:INFO:Ridge Classifier Imported successfully
2026-01-02 20:45:02,638:INFO:Starting cross validation
2026-01-02 20:45:02,639:INFO:Cross validating with StratifiedKFold(n_splits=5, random_state=None, shuffle=False), n_jobs=-1
2026-01-02 20:45:03,484:WARNING:/opt/homebrew/Cellar/python@3.10/3.10.18/Frameworks/Python.framework/Versions/3.10/lib/python3.10/site-packages/_distutils_hack/__init__.py:30: UserWarning: Setuptools is replacing distutils. Support for replacing an already imported distutils is deprecated. In the future, this condition will fail. Register concerns at https://github.com/pypa/setuptools/issues/new?template=distutils-deprecation.yml
  warnings.warn(

2026-01-02 20:45:03,802:INFO:Calculating mean and std
2026-01-02 20:45:03,803:INFO:Creating metrics dataframe
2026-01-02 20:45:03,803:INFO:Uploading results into container
2026-01-02 20:45:03,804:INFO:Uploading model into container now
2026-01-02 20:45:03,804:INFO:_master_model_container: 6
2026-01-02 20:45:03,804:INFO:_display_container: 2
2026-01-02 20:45:03,804:INFO:RidgeClassifier(alpha=1.0, class_weight=None, copy_X=True, fit_intercept=True,
                max_iter=None, positive=False, random_state=42, solver='auto',
                tol=0.0001)
2026-01-02 20:45:03,804:INFO:create_model() successfully completed......................................
2026-01-02 20:45:03,867:INFO:SubProcess create_model() end ==================================
2026-01-02 20:45:03,867:INFO:Creating metrics dataframe
2026-01-02 20:45:03,869:INFO:Initializing Random Forest Classifier
2026-01-02 20:45:03,869:INFO:Total runtime is 0.13017580111821492 minutes
2026-01-02 20:45:03,870:INFO:SubProcess create_model() called ==================================
2026-01-02 20:45:03,870:INFO:Initializing create_model()
2026-01-02 20:45:03,871:INFO:create_model(self=<pycaret.classification.oop.ClassificationExperiment object at 0x168dc7a60>, estimator=rf, fold=StratifiedKFold(n_splits=5, random_state=None, shuffle=False), round=4, cross_validation=True, predict=True, fit_kwargs={}, groups=None, refit=False, probability_threshold=None, experiment_custom_tags=None, verbose=False, system=False, add_to_model_list=True, metrics=None, display=<pycaret.internal.display.display.CommonDisplay object at 0x168dc7ac0>, model_only=True, return_train_score=False, error_score=0.0, kwargs={})
2026-01-02 20:45:03,871:INFO:Checking exceptions
2026-01-02 20:45:03,871:INFO:Importing libraries
2026-01-02 20:45:03,871:INFO:Copying training dataset
2026-01-02 20:45:03,872:INFO:Defining folds
2026-01-02 20:45:03,872:INFO:Declaring metric variables
2026-01-02 20:45:03,873:INFO:Importing untrained model
2026-01-02 20:45:03,874:INFO:Random Forest Classifier Imported successfully
2026-01-02 20:45:03,876:INFO:Starting cross validation
2026-01-02 20:45:03,877:INFO:Cross validating with StratifiedKFold(n_splits=5, random_state=None, shuffle=False), n_jobs=-1
2026-01-02 20:45:04,086:INFO:Calculating mean and std
2026-01-02 20:45:04,087:INFO:Creating metrics dataframe
2026-01-02 20:45:04,087:INFO:Uploading results into container
2026-01-02 20:45:04,088:INFO:Uploading model into container now
2026-01-02 20:45:04,088:INFO:_master_model_container: 7
2026-01-02 20:45:04,088:INFO:_display_container: 2
2026-01-02 20:45:04,088:INFO:RandomForestClassifier(bootstrap=True, ccp_alpha=0.0, class_weight=None,
                       criterion='gini', max_depth=None, max_features='sqrt',
                       max_leaf_nodes=None, max_samples=None,
                       min_impurity_decrease=0.0, min_samples_leaf=1,
                       min_samples_split=2, min_weight_fraction_leaf=0.0,
                       monotonic_cst=None, n_estimators=100, n_jobs=-1,
                       oob_score=False, random_state=42, verbose=0,
                       warm_start=False)
2026-01-02 20:45:04,088:INFO:create_model() successfully completed......................................
2026-01-02 20:45:04,150:INFO:SubProcess create_model() end ==================================
2026-01-02 20:45:04,151:INFO:Creating metrics dataframe
2026-01-02 20:45:04,153:INFO:Initializing Quadratic Discriminant Analysis
2026-01-02 20:45:04,153:INFO:Total runtime is 0.13490975300470986 minutes
2026-01-02 20:45:04,154:INFO:SubProcess create_model() called ==================================
2026-01-02 20:45:04,155:INFO:Initializing create_model()
2026-01-02 20:45:04,155:INFO:create_model(self=<pycaret.classification.oop.ClassificationExperiment object at 0x168dc7a60>, estimator=qda, fold=StratifiedKFold(n_splits=5, random_state=None, shuffle=False), round=4, cross_validation=True, predict=True, fit_kwargs={}, groups=None, refit=False, probability_threshold=None, experiment_custom_tags=None, verbose=False, system=False, add_to_model_list=True, metrics=None, display=<pycaret.internal.display.display.CommonDisplay object at 0x168dc7ac0>, model_only=True, return_train_score=False, error_score=0.0, kwargs={})
2026-01-02 20:45:04,155:INFO:Checking exceptions
2026-01-02 20:45:04,155:INFO:Importing libraries
2026-01-02 20:45:04,155:INFO:Copying training dataset
2026-01-02 20:45:04,156:INFO:Defining folds
2026-01-02 20:45:04,157:INFO:Declaring metric variables
2026-01-02 20:45:04,157:INFO:Importing untrained model
2026-01-02 20:45:04,158:INFO:Quadratic Discriminant Analysis Imported successfully
2026-01-02 20:45:04,160:INFO:Starting cross validation
2026-01-02 20:45:04,161:INFO:Cross validating with StratifiedKFold(n_splits=5, random_state=None, shuffle=False), n_jobs=-1
2026-01-02 20:45:04,194:WARNING:/opt/homebrew/lib/python3.10/site-packages/sklearn/discriminant_analysis.py:935: UserWarning: Variables are collinear
  warnings.warn("Variables are collinear")

2026-01-02 20:45:04,196:WARNING:/opt/homebrew/lib/python3.10/site-packages/sklearn/discriminant_analysis.py:935: UserWarning: Variables are collinear
  warnings.warn("Variables are collinear")

2026-01-02 20:45:04,201:WARNING:/opt/homebrew/lib/python3.10/site-packages/sklearn/discriminant_analysis.py:935: UserWarning: Variables are collinear
  warnings.warn("Variables are collinear")

2026-01-02 20:45:04,202:WARNING:/opt/homebrew/lib/python3.10/site-packages/sklearn/discriminant_analysis.py:935: UserWarning: Variables are collinear
  warnings.warn("Variables are collinear")

2026-01-02 20:45:04,202:WARNING:/opt/homebrew/lib/python3.10/site-packages/sklearn/discriminant_analysis.py:935: UserWarning: Variables are collinear
  warnings.warn("Variables are collinear")

2026-01-02 20:45:04,210:WARNING:/opt/homebrew/lib/python3.10/site-packages/sklearn/discriminant_analysis.py:960: RuntimeWarning: divide by zero encountered in power
  X2 = np.dot(Xm, R * (S ** (-0.5)))

2026-01-02 20:45:04,210:WARNING:/opt/homebrew/lib/python3.10/site-packages/sklearn/discriminant_analysis.py:960: RuntimeWarning: invalid value encountered in multiply
  X2 = np.dot(Xm, R * (S ** (-0.5)))

2026-01-02 20:45:04,210:WARNING:/opt/homebrew/lib/python3.10/site-packages/sklearn/discriminant_analysis.py:963: RuntimeWarning: divide by zero encountered in log
  u = np.asarray([np.sum(np.log(s)) for s in self.scalings_])

2026-01-02 20:45:04,211:WARNING:/opt/homebrew/lib/python3.10/site-packages/sklearn/discriminant_analysis.py:960: RuntimeWarning: divide by zero encountered in power
  X2 = np.dot(Xm, R * (S ** (-0.5)))

2026-01-02 20:45:04,211:WARNING:/opt/homebrew/lib/python3.10/site-packages/sklearn/discriminant_analysis.py:960: RuntimeWarning: invalid value encountered in multiply
  X2 = np.dot(Xm, R * (S ** (-0.5)))

2026-01-02 20:45:04,211:WARNING:/opt/homebrew/lib/python3.10/site-packages/sklearn/discriminant_analysis.py:963: RuntimeWarning: divide by zero encountered in log
  u = np.asarray([np.sum(np.log(s)) for s in self.scalings_])

2026-01-02 20:45:04,213:WARNING:/opt/homebrew/lib/python3.10/site-packages/pycaret/internal/metrics.py:204: FitFailedWarning: Metric 'make_scorer(roc_auc_score, response_method=('decision_function', 'predict_proba'), average=weighted, multi_class=ovr)' failed and error score 0.0 has been returned instead. If this is a custom metric, this usually means that the error is in the metric code. Full exception below:
Traceback (most recent call last):
  File "/opt/homebrew/lib/python3.10/site-packages/pycaret/internal/metrics.py", line 196, in _score
    return super()._score(
  File "/opt/homebrew/lib/python3.10/site-packages/sklearn/metrics/_scorer.py", line 350, in _score
    return self._sign * self._score_func(y_true, y_pred, **scoring_kwargs)
  File "/opt/homebrew/lib/python3.10/site-packages/pycaret/internal/metrics.py", line 144, in __call__
    return self.score_func(y_true, y_pred, **kwargs)
  File "/opt/homebrew/lib/python3.10/site-packages/sklearn/utils/_param_validation.py", line 213, in wrapper
    return func(*args, **kwargs)
  File "/opt/homebrew/lib/python3.10/site-packages/sklearn/metrics/_ranking.py", line 619, in roc_auc_score
    y_score = check_array(y_score, ensure_2d=False)
  File "/opt/homebrew/lib/python3.10/site-packages/sklearn/utils/validation.py", line 1049, in check_array
    _assert_all_finite(
  File "/opt/homebrew/lib/python3.10/site-packages/sklearn/utils/validation.py", line 126, in _assert_all_finite
    _assert_all_finite_element_wise(
  File "/opt/homebrew/lib/python3.10/site-packages/sklearn/utils/validation.py", line 175, in _assert_all_finite_element_wise
    raise ValueError(msg_err)
ValueError: Input contains NaN.

  warnings.warn(

2026-01-02 20:45:04,225:INFO:Calculating mean and std
2026-01-02 20:45:04,225:INFO:Creating metrics dataframe
2026-01-02 20:45:04,226:INFO:Uploading results into container
2026-01-02 20:45:04,226:INFO:Uploading model into container now
2026-01-02 20:45:04,226:INFO:_master_model_container: 8
2026-01-02 20:45:04,226:INFO:_display_container: 2
2026-01-02 20:45:04,227:INFO:QuadraticDiscriminantAnalysis(priors=None, reg_param=0.0,
                              store_covariance=False, tol=0.0001)
2026-01-02 20:45:04,227:INFO:create_model() successfully completed......................................
2026-01-02 20:45:04,287:INFO:SubProcess create_model() end ==================================
2026-01-02 20:45:04,287:INFO:Creating metrics dataframe
2026-01-02 20:45:04,290:INFO:Initializing Ada Boost Classifier
2026-01-02 20:45:04,290:INFO:Total runtime is 0.13719151814778643 minutes
2026-01-02 20:45:04,291:INFO:SubProcess create_model() called ==================================
2026-01-02 20:45:04,291:INFO:Initializing create_model()
2026-01-02 20:45:04,291:INFO:create_model(self=<pycaret.classification.oop.ClassificationExperiment object at 0x168dc7a60>, estimator=ada, fold=StratifiedKFold(n_splits=5, random_state=None, shuffle=False), round=4, cross_validation=True, predict=True, fit_kwargs={}, groups=None, refit=False, probability_threshold=None, experiment_custom_tags=None, verbose=False, system=False, add_to_model_list=True, metrics=None, display=<pycaret.internal.display.display.CommonDisplay object at 0x168dc7ac0>, model_only=True, return_train_score=False, error_score=0.0, kwargs={})
2026-01-02 20:45:04,291:INFO:Checking exceptions
2026-01-02 20:45:04,291:INFO:Importing libraries
2026-01-02 20:45:04,291:INFO:Copying training dataset
2026-01-02 20:45:04,293:INFO:Defining folds
2026-01-02 20:45:04,293:INFO:Declaring metric variables
2026-01-02 20:45:04,294:INFO:Importing untrained model
2026-01-02 20:45:04,295:INFO:Ada Boost Classifier Imported successfully
2026-01-02 20:45:04,297:INFO:Starting cross validation
2026-01-02 20:45:04,298:INFO:Cross validating with StratifiedKFold(n_splits=5, random_state=None, shuffle=False), n_jobs=-1
2026-01-02 20:45:04,330:WARNING:/opt/homebrew/lib/python3.10/site-packages/sklearn/ensemble/_weight_boosting.py:519: FutureWarning: The SAMME.R algorithm (the default) is deprecated and will be removed in 1.6. Use the SAMME algorithm to circumvent this warning.
  warnings.warn(

2026-01-02 20:45:04,330:WARNING:/opt/homebrew/lib/python3.10/site-packages/sklearn/ensemble/_weight_boosting.py:519: FutureWarning: The SAMME.R algorithm (the default) is deprecated and will be removed in 1.6. Use the SAMME algorithm to circumvent this warning.
  warnings.warn(

2026-01-02 20:45:04,332:WARNING:/opt/homebrew/lib/python3.10/site-packages/sklearn/ensemble/_weight_boosting.py:519: FutureWarning: The SAMME.R algorithm (the default) is deprecated and will be removed in 1.6. Use the SAMME algorithm to circumvent this warning.
  warnings.warn(

2026-01-02 20:45:04,332:WARNING:/opt/homebrew/lib/python3.10/site-packages/sklearn/ensemble/_weight_boosting.py:519: FutureWarning: The SAMME.R algorithm (the default) is deprecated and will be removed in 1.6. Use the SAMME algorithm to circumvent this warning.
  warnings.warn(

2026-01-02 20:45:04,332:WARNING:/opt/homebrew/lib/python3.10/site-packages/sklearn/ensemble/_weight_boosting.py:519: FutureWarning: The SAMME.R algorithm (the default) is deprecated and will be removed in 1.6. Use the SAMME algorithm to circumvent this warning.
  warnings.warn(

2026-01-02 20:45:04,424:INFO:Calculating mean and std
2026-01-02 20:45:04,424:INFO:Creating metrics dataframe
2026-01-02 20:45:04,425:INFO:Uploading results into container
2026-01-02 20:45:04,425:INFO:Uploading model into container now
2026-01-02 20:45:04,425:INFO:_master_model_container: 9
2026-01-02 20:45:04,425:INFO:_display_container: 2
2026-01-02 20:45:04,425:INFO:AdaBoostClassifier(algorithm='SAMME.R', estimator=None, learning_rate=1.0,
                   n_estimators=50, random_state=42)
2026-01-02 20:45:04,425:INFO:create_model() successfully completed......................................
2026-01-02 20:45:04,486:INFO:SubProcess create_model() end ==================================
2026-01-02 20:45:04,487:INFO:Creating metrics dataframe
2026-01-02 20:45:04,490:INFO:Initializing Gradient Boosting Classifier
2026-01-02 20:45:04,490:INFO:Total runtime is 0.14051448504130043 minutes
2026-01-02 20:45:04,491:INFO:SubProcess create_model() called ==================================
2026-01-02 20:45:04,491:INFO:Initializing create_model()
2026-01-02 20:45:04,491:INFO:create_model(self=<pycaret.classification.oop.ClassificationExperiment object at 0x168dc7a60>, estimator=gbc, fold=StratifiedKFold(n_splits=5, random_state=None, shuffle=False), round=4, cross_validation=True, predict=True, fit_kwargs={}, groups=None, refit=False, probability_threshold=None, experiment_custom_tags=None, verbose=False, system=False, add_to_model_list=True, metrics=None, display=<pycaret.internal.display.display.CommonDisplay object at 0x168dc7ac0>, model_only=True, return_train_score=False, error_score=0.0, kwargs={})
2026-01-02 20:45:04,491:INFO:Checking exceptions
2026-01-02 20:45:04,491:INFO:Importing libraries
2026-01-02 20:45:04,491:INFO:Copying training dataset
2026-01-02 20:45:04,493:INFO:Defining folds
2026-01-02 20:45:04,493:INFO:Declaring metric variables
2026-01-02 20:45:04,494:INFO:Importing untrained model
2026-01-02 20:45:04,495:INFO:Gradient Boosting Classifier Imported successfully
2026-01-02 20:45:04,497:INFO:Starting cross validation
2026-01-02 20:45:04,498:INFO:Cross validating with StratifiedKFold(n_splits=5, random_state=None, shuffle=False), n_jobs=-1
2026-01-02 20:45:04,775:INFO:Calculating mean and std
2026-01-02 20:45:04,775:INFO:Creating metrics dataframe
2026-01-02 20:45:04,776:INFO:Uploading results into container
2026-01-02 20:45:04,776:INFO:Uploading model into container now
2026-01-02 20:45:04,776:INFO:_master_model_container: 10
2026-01-02 20:45:04,776:INFO:_display_container: 2
2026-01-02 20:45:04,776:INFO:GradientBoostingClassifier(ccp_alpha=0.0, criterion='friedman_mse', init=None,
                           learning_rate=0.1, loss='log_loss', max_depth=3,
                           max_features=None, max_leaf_nodes=None,
                           min_impurity_decrease=0.0, min_samples_leaf=1,
                           min_samples_split=2, min_weight_fraction_leaf=0.0,
                           n_estimators=100, n_iter_no_change=None,
                           random_state=42, subsample=1.0, tol=0.0001,
                           validation_fraction=0.1, verbose=0,
                           warm_start=False)
2026-01-02 20:45:04,777:INFO:create_model() successfully completed......................................
2026-01-02 20:45:04,837:INFO:SubProcess create_model() end ==================================
2026-01-02 20:45:04,837:INFO:Creating metrics dataframe
2026-01-02 20:45:04,844:INFO:Initializing Linear Discriminant Analysis
2026-01-02 20:45:04,844:INFO:Total runtime is 0.14641678730646768 minutes
2026-01-02 20:45:04,845:INFO:SubProcess create_model() called ==================================
2026-01-02 20:45:04,846:INFO:Initializing create_model()
2026-01-02 20:45:04,846:INFO:create_model(self=<pycaret.classification.oop.ClassificationExperiment object at 0x168dc7a60>, estimator=lda, fold=StratifiedKFold(n_splits=5, random_state=None, shuffle=False), round=4, cross_validation=True, predict=True, fit_kwargs={}, groups=None, refit=False, probability_threshold=None, experiment_custom_tags=None, verbose=False, system=False, add_to_model_list=True, metrics=None, display=<pycaret.internal.display.display.CommonDisplay object at 0x168dc7ac0>, model_only=True, return_train_score=False, error_score=0.0, kwargs={})
2026-01-02 20:45:04,846:INFO:Checking exceptions
2026-01-02 20:45:04,846:INFO:Importing libraries
2026-01-02 20:45:04,846:INFO:Copying training dataset
2026-01-02 20:45:04,848:INFO:Defining folds
2026-01-02 20:45:04,848:INFO:Declaring metric variables
2026-01-02 20:45:04,850:INFO:Importing untrained model
2026-01-02 20:45:04,852:INFO:Linear Discriminant Analysis Imported successfully
2026-01-02 20:45:04,855:INFO:Starting cross validation
2026-01-02 20:45:04,857:INFO:Cross validating with StratifiedKFold(n_splits=5, random_state=None, shuffle=False), n_jobs=-1
2026-01-02 20:45:05,743:WARNING:/opt/homebrew/Cellar/python@3.10/3.10.18/Frameworks/Python.framework/Versions/3.10/lib/python3.10/site-packages/_distutils_hack/__init__.py:30: UserWarning: Setuptools is replacing distutils. Support for replacing an already imported distutils is deprecated. In the future, this condition will fail. Register concerns at https://github.com/pypa/setuptools/issues/new?template=distutils-deprecation.yml
  warnings.warn(

2026-01-02 20:45:05,743:WARNING:/opt/homebrew/Cellar/python@3.10/3.10.18/Frameworks/Python.framework/Versions/3.10/lib/python3.10/site-packages/_distutils_hack/__init__.py:30: UserWarning: Setuptools is replacing distutils. Support for replacing an already imported distutils is deprecated. In the future, this condition will fail. Register concerns at https://github.com/pypa/setuptools/issues/new?template=distutils-deprecation.yml
  warnings.warn(

2026-01-02 20:45:06,080:INFO:Calculating mean and std
2026-01-02 20:45:06,081:INFO:Creating metrics dataframe
2026-01-02 20:45:06,082:INFO:Uploading results into container
2026-01-02 20:45:06,082:INFO:Uploading model into container now
2026-01-02 20:45:06,082:INFO:_master_model_container: 11
2026-01-02 20:45:06,082:INFO:_display_container: 2
2026-01-02 20:45:06,083:INFO:LinearDiscriminantAnalysis(covariance_estimator=None, n_components=None,
                           priors=None, shrinkage=None, solver='svd',
                           store_covariance=False, tol=0.0001)
2026-01-02 20:45:06,083:INFO:create_model() successfully completed......................................
2026-01-02 20:45:06,149:INFO:SubProcess create_model() end ==================================
2026-01-02 20:45:06,149:INFO:Creating metrics dataframe
2026-01-02 20:45:06,152:INFO:Initializing Extra Trees Classifier
2026-01-02 20:45:06,153:INFO:Total runtime is 0.1682288368542989 minutes
2026-01-02 20:45:06,154:INFO:SubProcess create_model() called ==================================
2026-01-02 20:45:06,154:INFO:Initializing create_model()
2026-01-02 20:45:06,154:INFO:create_model(self=<pycaret.classification.oop.ClassificationExperiment object at 0x168dc7a60>, estimator=et, fold=StratifiedKFold(n_splits=5, random_state=None, shuffle=False), round=4, cross_validation=True, predict=True, fit_kwargs={}, groups=None, refit=False, probability_threshold=None, experiment_custom_tags=None, verbose=False, system=False, add_to_model_list=True, metrics=None, display=<pycaret.internal.display.display.CommonDisplay object at 0x168dc7ac0>, model_only=True, return_train_score=False, error_score=0.0, kwargs={})
2026-01-02 20:45:06,154:INFO:Checking exceptions
2026-01-02 20:45:06,154:INFO:Importing libraries
2026-01-02 20:45:06,154:INFO:Copying training dataset
2026-01-02 20:45:06,156:INFO:Defining folds
2026-01-02 20:45:06,156:INFO:Declaring metric variables
2026-01-02 20:45:06,157:INFO:Importing untrained model
2026-01-02 20:45:06,158:INFO:Extra Trees Classifier Imported successfully
2026-01-02 20:45:06,159:INFO:Starting cross validation
2026-01-02 20:45:06,160:INFO:Cross validating with StratifiedKFold(n_splits=5, random_state=None, shuffle=False), n_jobs=-1
2026-01-02 20:45:06,363:INFO:Calculating mean and std
2026-01-02 20:45:06,364:INFO:Creating metrics dataframe
2026-01-02 20:45:06,365:INFO:Uploading results into container
2026-01-02 20:45:06,365:INFO:Uploading model into container now
2026-01-02 20:45:06,365:INFO:_master_model_container: 12
2026-01-02 20:45:06,365:INFO:_display_container: 2
2026-01-02 20:45:06,365:INFO:ExtraTreesClassifier(bootstrap=False, ccp_alpha=0.0, class_weight=None,
                     criterion='gini', max_depth=None, max_features='sqrt',
                     max_leaf_nodes=None, max_samples=None,
                     min_impurity_decrease=0.0, min_samples_leaf=1,
                     min_samples_split=2, min_weight_fraction_leaf=0.0,
                     monotonic_cst=None, n_estimators=100, n_jobs=-1,
                     oob_score=False, random_state=42, verbose=0,
                     warm_start=False)
2026-01-02 20:45:06,365:INFO:create_model() successfully completed......................................
2026-01-02 20:45:06,426:INFO:SubProcess create_model() end ==================================
2026-01-02 20:45:06,426:INFO:Creating metrics dataframe
2026-01-02 20:45:06,430:INFO:Initializing Extreme Gradient Boosting
2026-01-02 20:45:06,430:INFO:Total runtime is 0.17284810543060303 minutes
2026-01-02 20:45:06,431:INFO:SubProcess create_model() called ==================================
2026-01-02 20:45:06,431:INFO:Initializing create_model()
2026-01-02 20:45:06,431:INFO:create_model(self=<pycaret.classification.oop.ClassificationExperiment object at 0x168dc7a60>, estimator=xgboost, fold=StratifiedKFold(n_splits=5, random_state=None, shuffle=False), round=4, cross_validation=True, predict=True, fit_kwargs={}, groups=None, refit=False, probability_threshold=None, experiment_custom_tags=None, verbose=False, system=False, add_to_model_list=True, metrics=None, display=<pycaret.internal.display.display.CommonDisplay object at 0x168dc7ac0>, model_only=True, return_train_score=False, error_score=0.0, kwargs={})
2026-01-02 20:45:06,431:INFO:Checking exceptions
2026-01-02 20:45:06,431:INFO:Importing libraries
2026-01-02 20:45:06,431:INFO:Copying training dataset
2026-01-02 20:45:06,433:INFO:Defining folds
2026-01-02 20:45:06,433:INFO:Declaring metric variables
2026-01-02 20:45:06,434:INFO:Importing untrained model
2026-01-02 20:45:06,435:INFO:Extreme Gradient Boosting Imported successfully
2026-01-02 20:45:06,437:INFO:Starting cross validation
2026-01-02 20:45:06,438:INFO:Cross validating with StratifiedKFold(n_splits=5, random_state=None, shuffle=False), n_jobs=-1
2026-01-02 20:45:06,537:INFO:Calculating mean and std
2026-01-02 20:45:06,537:INFO:Creating metrics dataframe
2026-01-02 20:45:06,538:INFO:Uploading results into container
2026-01-02 20:45:06,538:INFO:Uploading model into container now
2026-01-02 20:45:06,539:INFO:_master_model_container: 13
2026-01-02 20:45:06,539:INFO:_display_container: 2
2026-01-02 20:45:06,539:INFO:XGBClassifier(base_score=None, booster='gbtree', callbacks=None,
              colsample_bylevel=None, colsample_bynode=None,
              colsample_bytree=None, device='cpu', early_stopping_rounds=None,
              enable_categorical=False, eval_metric=None, feature_types=None,
              feature_weights=None, gamma=None, grow_policy=None,
              importance_type=None, interaction_constraints=None,
              learning_rate=None, max_bin=None, max_cat_threshold=None,
              max_cat_to_onehot=None, max_delta_step=None, max_depth=None,
              max_leaves=None, min_child_weight=None, missing=nan,
              monotone_constraints=None, multi_strategy=None, n_estimators=None,
              n_jobs=-1, num_parallel_tree=None, ...)
2026-01-02 20:45:06,539:INFO:create_model() successfully completed......................................
2026-01-02 20:45:06,608:INFO:SubProcess create_model() end ==================================
2026-01-02 20:45:06,608:INFO:Creating metrics dataframe
2026-01-02 20:45:06,611:INFO:Initializing Light Gradient Boosting Machine
2026-01-02 20:45:06,611:INFO:Total runtime is 0.17587576707204183 minutes
2026-01-02 20:45:06,613:INFO:SubProcess create_model() called ==================================
2026-01-02 20:45:06,613:INFO:Initializing create_model()
2026-01-02 20:45:06,613:INFO:create_model(self=<pycaret.classification.oop.ClassificationExperiment object at 0x168dc7a60>, estimator=lightgbm, fold=StratifiedKFold(n_splits=5, random_state=None, shuffle=False), round=4, cross_validation=True, predict=True, fit_kwargs={}, groups=None, refit=False, probability_threshold=None, experiment_custom_tags=None, verbose=False, system=False, add_to_model_list=True, metrics=None, display=<pycaret.internal.display.display.CommonDisplay object at 0x168dc7ac0>, model_only=True, return_train_score=False, error_score=0.0, kwargs={})
2026-01-02 20:45:06,613:INFO:Checking exceptions
2026-01-02 20:45:06,613:INFO:Importing libraries
2026-01-02 20:45:06,613:INFO:Copying training dataset
2026-01-02 20:45:06,615:INFO:Defining folds
2026-01-02 20:45:06,615:INFO:Declaring metric variables
2026-01-02 20:45:06,616:INFO:Importing untrained model
2026-01-02 20:45:06,617:INFO:Light Gradient Boosting Machine Imported successfully
2026-01-02 20:45:06,619:INFO:Starting cross validation
2026-01-02 20:45:06,620:INFO:Cross validating with StratifiedKFold(n_splits=5, random_state=None, shuffle=False), n_jobs=-1
2026-01-02 20:45:09,002:INFO:Calculating mean and std
2026-01-02 20:45:09,003:INFO:Creating metrics dataframe
2026-01-02 20:45:09,004:INFO:Uploading results into container
2026-01-02 20:45:09,004:INFO:Uploading model into container now
2026-01-02 20:45:09,004:INFO:_master_model_container: 14
2026-01-02 20:45:09,004:INFO:_display_container: 2
2026-01-02 20:45:09,004:INFO:LGBMClassifier(boosting_type='gbdt', class_weight=None, colsample_bytree=1.0,
               importance_type='split', learning_rate=0.1, max_depth=-1,
               min_child_samples=20, min_child_weight=0.001, min_split_gain=0.0,
               n_estimators=100, n_jobs=-1, num_leaves=31, objective=None,
               random_state=42, reg_alpha=0.0, reg_lambda=0.0, subsample=1.0,
               subsample_for_bin=200000, subsample_freq=0)
2026-01-02 20:45:09,005:INFO:create_model() successfully completed......................................
2026-01-02 20:45:09,066:INFO:SubProcess create_model() end ==================================
2026-01-02 20:45:09,066:INFO:Creating metrics dataframe
2026-01-02 20:45:09,069:INFO:Initializing CatBoost Classifier
2026-01-02 20:45:09,069:INFO:Total runtime is 0.216841721534729 minutes
2026-01-02 20:45:09,070:INFO:SubProcess create_model() called ==================================
2026-01-02 20:45:09,071:INFO:Initializing create_model()
2026-01-02 20:45:09,071:INFO:create_model(self=<pycaret.classification.oop.ClassificationExperiment object at 0x168dc7a60>, estimator=catboost, fold=StratifiedKFold(n_splits=5, random_state=None, shuffle=False), round=4, cross_validation=True, predict=True, fit_kwargs={}, groups=None, refit=False, probability_threshold=None, experiment_custom_tags=None, verbose=False, system=False, add_to_model_list=True, metrics=None, display=<pycaret.internal.display.display.CommonDisplay object at 0x168dc7ac0>, model_only=True, return_train_score=False, error_score=0.0, kwargs={})
2026-01-02 20:45:09,071:INFO:Checking exceptions
2026-01-02 20:45:09,071:INFO:Importing libraries
2026-01-02 20:45:09,071:INFO:Copying training dataset
2026-01-02 20:45:09,072:INFO:Defining folds
2026-01-02 20:45:09,073:INFO:Declaring metric variables
2026-01-02 20:45:09,073:INFO:Importing untrained model
2026-01-02 20:45:09,075:INFO:CatBoost Classifier Imported successfully
2026-01-02 20:45:09,076:INFO:Starting cross validation
2026-01-02 20:45:09,077:INFO:Cross validating with StratifiedKFold(n_splits=5, random_state=None, shuffle=False), n_jobs=-1
2026-01-02 20:45:11,054:INFO:Calculating mean and std
2026-01-02 20:45:11,054:INFO:Creating metrics dataframe
2026-01-02 20:45:11,055:INFO:Uploading results into container
2026-01-02 20:45:11,055:INFO:Uploading model into container now
2026-01-02 20:45:11,055:INFO:_master_model_container: 15
2026-01-02 20:45:11,055:INFO:_display_container: 2
2026-01-02 20:45:11,055:INFO:<catboost.core.CatBoostClassifier object at 0x359a88dc0>
2026-01-02 20:45:11,056:INFO:create_model() successfully completed......................................
2026-01-02 20:45:11,119:INFO:SubProcess create_model() end ==================================
2026-01-02 20:45:11,119:INFO:Creating metrics dataframe
2026-01-02 20:45:11,122:INFO:Initializing Dummy Classifier
2026-01-02 20:45:11,122:INFO:Total runtime is 0.25105833609898887 minutes
2026-01-02 20:45:11,123:INFO:SubProcess create_model() called ==================================
2026-01-02 20:45:11,124:INFO:Initializing create_model()
2026-01-02 20:45:11,124:INFO:create_model(self=<pycaret.classification.oop.ClassificationExperiment object at 0x168dc7a60>, estimator=dummy, fold=StratifiedKFold(n_splits=5, random_state=None, shuffle=False), round=4, cross_validation=True, predict=True, fit_kwargs={}, groups=None, refit=False, probability_threshold=None, experiment_custom_tags=None, verbose=False, system=False, add_to_model_list=True, metrics=None, display=<pycaret.internal.display.display.CommonDisplay object at 0x168dc7ac0>, model_only=True, return_train_score=False, error_score=0.0, kwargs={})
2026-01-02 20:45:11,124:INFO:Checking exceptions
2026-01-02 20:45:11,124:INFO:Importing libraries
2026-01-02 20:45:11,124:INFO:Copying training dataset
2026-01-02 20:45:11,126:INFO:Defining folds
2026-01-02 20:45:11,126:INFO:Declaring metric variables
2026-01-02 20:45:11,126:INFO:Importing untrained model
2026-01-02 20:45:11,127:INFO:Dummy Classifier Imported successfully
2026-01-02 20:45:11,129:INFO:Starting cross validation
2026-01-02 20:45:11,130:INFO:Cross validating with StratifiedKFold(n_splits=5, random_state=None, shuffle=False), n_jobs=-1
2026-01-02 20:45:11,173:WARNING:/opt/homebrew/lib/python3.10/site-packages/sklearn/metrics/_classification.py:1509: UndefinedMetricWarning: Precision is ill-defined and being set to 0.0 due to no predicted samples. Use `zero_division` parameter to control this behavior.
  _warn_prf(average, modifier, f"{metric.capitalize()} is", len(result))

2026-01-02 20:45:11,173:WARNING:/opt/homebrew/lib/python3.10/site-packages/sklearn/metrics/_classification.py:1509: UndefinedMetricWarning: Precision is ill-defined and being set to 0.0 due to no predicted samples. Use `zero_division` parameter to control this behavior.
  _warn_prf(average, modifier, f"{metric.capitalize()} is", len(result))

2026-01-02 20:45:11,178:WARNING:/opt/homebrew/lib/python3.10/site-packages/sklearn/metrics/_classification.py:1509: UndefinedMetricWarning: Precision is ill-defined and being set to 0.0 due to no predicted samples. Use `zero_division` parameter to control this behavior.
  _warn_prf(average, modifier, f"{metric.capitalize()} is", len(result))

2026-01-02 20:45:11,180:WARNING:/opt/homebrew/lib/python3.10/site-packages/sklearn/metrics/_classification.py:1509: UndefinedMetricWarning: Precision is ill-defined and being set to 0.0 due to no predicted samples. Use `zero_division` parameter to control this behavior.
  _warn_prf(average, modifier, f"{metric.capitalize()} is", len(result))

2026-01-02 20:45:11,181:WARNING:/opt/homebrew/lib/python3.10/site-packages/sklearn/metrics/_classification.py:1509: UndefinedMetricWarning: Precision is ill-defined and being set to 0.0 due to no predicted samples. Use `zero_division` parameter to control this behavior.
  _warn_prf(average, modifier, f"{metric.capitalize()} is", len(result))

2026-01-02 20:45:11,194:INFO:Calculating mean and std
2026-01-02 20:45:11,195:INFO:Creating metrics dataframe
2026-01-02 20:45:11,195:INFO:Uploading results into container
2026-01-02 20:45:11,195:INFO:Uploading model into container now
2026-01-02 20:45:11,196:INFO:_master_model_container: 16
2026-01-02 20:45:11,196:INFO:_display_container: 2
2026-01-02 20:45:11,196:INFO:DummyClassifier(constant=None, random_state=42, strategy='prior')
2026-01-02 20:45:11,196:INFO:create_model() successfully completed......................................
2026-01-02 20:45:11,260:INFO:SubProcess create_model() end ==================================
2026-01-02 20:45:11,260:INFO:Creating metrics dataframe
2026-01-02 20:45:11,264:WARNING:/opt/homebrew/lib/python3.10/site-packages/pycaret/internal/pycaret_experiment/supervised_experiment.py:323: FutureWarning: Styler.applymap has been deprecated. Use Styler.map instead.

2026-01-02 20:45:11,267:INFO:Initializing create_model()
2026-01-02 20:45:11,267:INFO:create_model(self=<pycaret.classification.oop.ClassificationExperiment object at 0x168dc7a60>, estimator=GradientBoostingClassifier(ccp_alpha=0.0, criterion='friedman_mse', init=None,
                           learning_rate=0.1, loss='log_loss', max_depth=3,
                           max_features=None, max_leaf_nodes=None,
                           min_impurity_decrease=0.0, min_samples_leaf=1,
                           min_samples_split=2, min_weight_fraction_leaf=0.0,
                           n_estimators=100, n_iter_no_change=None,
                           random_state=42, subsample=1.0, tol=0.0001,
                           validation_fraction=0.1, verbose=0,
                           warm_start=False), fold=StratifiedKFold(n_splits=5, random_state=None, shuffle=False), round=4, cross_validation=False, predict=False, fit_kwargs={}, groups=None, refit=True, probability_threshold=None, experiment_custom_tags=None, verbose=False, system=False, add_to_model_list=True, metrics=None, display=None, model_only=True, return_train_score=False, error_score=0.0, kwargs={})
2026-01-02 20:45:11,268:INFO:Checking exceptions
2026-01-02 20:45:11,268:INFO:Importing libraries
2026-01-02 20:45:11,268:INFO:Copying training dataset
2026-01-02 20:45:11,270:INFO:Defining folds
2026-01-02 20:45:11,270:INFO:Declaring metric variables
2026-01-02 20:45:11,270:INFO:Importing untrained model
2026-01-02 20:45:11,270:INFO:Declaring custom model
2026-01-02 20:45:11,271:INFO:Gradient Boosting Classifier Imported successfully
2026-01-02 20:45:11,271:INFO:Cross validation set to False
2026-01-02 20:45:11,271:INFO:Fitting Model
2026-01-02 20:45:11,541:INFO:GradientBoostingClassifier(ccp_alpha=0.0, criterion='friedman_mse', init=None,
                           learning_rate=0.1, loss='log_loss', max_depth=3,
                           max_features=None, max_leaf_nodes=None,
                           min_impurity_decrease=0.0, min_samples_leaf=1,
                           min_samples_split=2, min_weight_fraction_leaf=0.0,
                           n_estimators=100, n_iter_no_change=None,
                           random_state=42, subsample=1.0, tol=0.0001,
                           validation_fraction=0.1, verbose=0,
                           warm_start=False)
2026-01-02 20:45:11,541:INFO:create_model() successfully completed......................................
2026-01-02 20:45:11,604:INFO:Initializing create_model()
2026-01-02 20:45:11,604:INFO:create_model(self=<pycaret.classification.oop.ClassificationExperiment object at 0x168dc7a60>, estimator=<catboost.core.CatBoostClassifier object at 0x359a88dc0>, fold=StratifiedKFold(n_splits=5, random_state=None, shuffle=False), round=4, cross_validation=False, predict=False, fit_kwargs={}, groups=None, refit=True, probability_threshold=None, experiment_custom_tags=None, verbose=False, system=False, add_to_model_list=True, metrics=None, display=None, model_only=True, return_train_score=False, error_score=0.0, kwargs={})
2026-01-02 20:45:11,604:INFO:Checking exceptions
2026-01-02 20:45:11,605:INFO:Importing libraries
2026-01-02 20:45:11,605:INFO:Copying training dataset
2026-01-02 20:45:11,607:INFO:Defining folds
2026-01-02 20:45:11,607:INFO:Declaring metric variables
2026-01-02 20:45:11,607:INFO:Importing untrained model
2026-01-02 20:45:11,607:INFO:Declaring custom model
2026-01-02 20:45:11,607:INFO:CatBoost Classifier Imported successfully
2026-01-02 20:45:11,608:INFO:Cross validation set to False
2026-01-02 20:45:11,608:INFO:Fitting Model
2026-01-02 20:45:12,996:INFO:<catboost.core.CatBoostClassifier object at 0x39fc28040>
2026-01-02 20:45:12,996:INFO:create_model() successfully completed......................................
2026-01-02 20:45:13,060:INFO:Initializing create_model()
2026-01-02 20:45:13,061:INFO:create_model(self=<pycaret.classification.oop.ClassificationExperiment object at 0x168dc7a60>, estimator=LinearDiscriminantAnalysis(covariance_estimator=None, n_components=None,
                           priors=None, shrinkage=None, solver='svd',
                           store_covariance=False, tol=0.0001), fold=StratifiedKFold(n_splits=5, random_state=None, shuffle=False), round=4, cross_validation=False, predict=False, fit_kwargs={}, groups=None, refit=True, probability_threshold=None, experiment_custom_tags=None, verbose=False, system=False, add_to_model_list=True, metrics=None, display=None, model_only=True, return_train_score=False, error_score=0.0, kwargs={})
2026-01-02 20:45:13,061:INFO:Checking exceptions
2026-01-02 20:45:13,061:INFO:Importing libraries
2026-01-02 20:45:13,061:INFO:Copying training dataset
2026-01-02 20:45:13,063:INFO:Defining folds
2026-01-02 20:45:13,063:INFO:Declaring metric variables
2026-01-02 20:45:13,063:INFO:Importing untrained model
2026-01-02 20:45:13,063:INFO:Declaring custom model
2026-01-02 20:45:13,063:INFO:Linear Discriminant Analysis Imported successfully
2026-01-02 20:45:13,064:INFO:Cross validation set to False
2026-01-02 20:45:13,064:INFO:Fitting Model
2026-01-02 20:45:13,094:INFO:LinearDiscriminantAnalysis(covariance_estimator=None, n_components=None,
                           priors=None, shrinkage=None, solver='svd',
                           store_covariance=False, tol=0.0001)
2026-01-02 20:45:13,094:INFO:create_model() successfully completed......................................
2026-01-02 20:45:13,182:INFO:_master_model_container: 16
2026-01-02 20:45:13,182:INFO:_display_container: 2
2026-01-02 20:45:13,183:INFO:[GradientBoostingClassifier(ccp_alpha=0.0, criterion='friedman_mse', init=None,
                           learning_rate=0.1, loss='log_loss', max_depth=3,
                           max_features=None, max_leaf_nodes=None,
                           min_impurity_decrease=0.0, min_samples_leaf=1,
                           min_samples_split=2, min_weight_fraction_leaf=0.0,
                           n_estimators=100, n_iter_no_change=None,
                           random_state=42, subsample=1.0, tol=0.0001,
                           validation_fraction=0.1, verbose=0,
                           warm_start=False), <catboost.core.CatBoostClassifier object at 0x39fc28040>, LinearDiscriminantAnalysis(covariance_estimator=None, n_components=None,
                           priors=None, shrinkage=None, solver='svd',
                           store_covariance=False, tol=0.0001)]
2026-01-02 20:45:13,183:INFO:compare_models() successfully completed......................................
2026-01-02 20:45:13,199:INFO:Initializing tune_model()
2026-01-02 20:45:13,199:INFO:tune_model(estimator=GradientBoostingClassifier(ccp_alpha=0.0, criterion='friedman_mse', init=None,
                           learning_rate=0.1, loss='log_loss', max_depth=3,
                           max_features=None, max_leaf_nodes=None,
                           min_impurity_decrease=0.0, min_samples_leaf=1,
                           min_samples_split=2, min_weight_fraction_leaf=0.0,
                           n_estimators=100, n_iter_no_change=None,
                           random_state=42, subsample=1.0, tol=0.0001,
                           validation_fraction=0.1, verbose=0,
                           warm_start=False), fold=5, round=4, n_iter=30, custom_grid=None, optimize=AUC, custom_scorer=None, search_library=scikit-learn, search_algorithm=random, early_stopping=False, early_stopping_max_iters=10, choose_better=True, fit_kwargs=None, groups=None, return_tuner=False, verbose=True, tuner_verbose=True, return_train_score=False, kwargs={}, self=<pycaret.classification.oop.ClassificationExperiment object at 0x168dc7a60>)
2026-01-02 20:45:13,199:INFO:Checking exceptions
2026-01-02 20:45:13,211:INFO:Copying training dataset
2026-01-02 20:45:13,215:INFO:Checking base model
2026-01-02 20:45:13,216:INFO:Base model : Gradient Boosting Classifier
2026-01-02 20:45:13,218:INFO:Declaring metric variables
2026-01-02 20:45:13,220:INFO:Defining Hyperparameters
2026-01-02 20:45:13,297:INFO:Tuning with n_jobs=-1
2026-01-02 20:45:13,297:INFO:Initializing RandomizedSearchCV
2026-01-02 20:45:16,904:INFO:best_params: {'actual_estimator__subsample': 0.7, 'actual_estimator__n_estimators': 270, 'actual_estimator__min_samples_split': 10, 'actual_estimator__min_samples_leaf': 4, 'actual_estimator__min_impurity_decrease': 0.3, 'actual_estimator__max_features': 'sqrt', 'actual_estimator__max_depth': 6, 'actual_estimator__learning_rate': 0.05}
2026-01-02 20:45:16,904:INFO:Hyperparameter search completed
2026-01-02 20:45:16,904:INFO:SubProcess create_model() called ==================================
2026-01-02 20:45:16,905:INFO:Initializing create_model()
2026-01-02 20:45:16,905:INFO:create_model(self=<pycaret.classification.oop.ClassificationExperiment object at 0x168dc7a60>, estimator=GradientBoostingClassifier(ccp_alpha=0.0, criterion='friedman_mse', init=None,
                           learning_rate=0.1, loss='log_loss', max_depth=3,
                           max_features=None, max_leaf_nodes=None,
                           min_impurity_decrease=0.0, min_samples_leaf=1,
                           min_samples_split=2, min_weight_fraction_leaf=0.0,
                           n_estimators=100, n_iter_no_change=None,
                           random_state=42, subsample=1.0, tol=0.0001,
                           validation_fraction=0.1, verbose=0,
                           warm_start=False), fold=StratifiedKFold(n_splits=5, random_state=None, shuffle=False), round=4, cross_validation=True, predict=True, fit_kwargs={}, groups=None, refit=True, probability_threshold=None, experiment_custom_tags=None, verbose=True, system=False, add_to_model_list=True, metrics=None, display=<pycaret.internal.display.display.CommonDisplay object at 0x39fc28310>, model_only=True, return_train_score=False, error_score=0.0, kwargs={'subsample': 0.7, 'n_estimators': 270, 'min_samples_split': 10, 'min_samples_leaf': 4, 'min_impurity_decrease': 0.3, 'max_features': 'sqrt', 'max_depth': 6, 'learning_rate': 0.05})
2026-01-02 20:45:16,905:INFO:Checking exceptions
2026-01-02 20:45:16,905:INFO:Importing libraries
2026-01-02 20:45:16,905:INFO:Copying training dataset
2026-01-02 20:45:16,907:INFO:Defining folds
2026-01-02 20:45:16,907:INFO:Declaring metric variables
2026-01-02 20:45:16,908:INFO:Importing untrained model
2026-01-02 20:45:16,908:INFO:Declaring custom model
2026-01-02 20:45:16,909:INFO:Gradient Boosting Classifier Imported successfully
2026-01-02 20:45:16,912:INFO:Starting cross validation
2026-01-02 20:45:16,913:INFO:Cross validating with StratifiedKFold(n_splits=5, random_state=None, shuffle=False), n_jobs=-1
2026-01-02 20:45:17,140:INFO:Calculating mean and std
2026-01-02 20:45:17,141:INFO:Creating metrics dataframe
2026-01-02 20:45:17,143:INFO:Finalizing model
2026-01-02 20:45:17,353:INFO:Uploading results into container
2026-01-02 20:45:17,354:INFO:Uploading model into container now
2026-01-02 20:45:17,354:INFO:_master_model_container: 17
2026-01-02 20:45:17,355:INFO:_display_container: 3
2026-01-02 20:45:17,355:INFO:GradientBoostingClassifier(ccp_alpha=0.0, criterion='friedman_mse', init=None,
                           learning_rate=0.05, loss='log_loss', max_depth=6,
                           max_features='sqrt', max_leaf_nodes=None,
                           min_impurity_decrease=0.3, min_samples_leaf=4,
                           min_samples_split=10, min_weight_fraction_leaf=0.0,
                           n_estimators=270, n_iter_no_change=None,
                           random_state=42, subsample=0.7, tol=0.0001,
                           validation_fraction=0.1, verbose=0,
                           warm_start=False)
2026-01-02 20:45:17,355:INFO:create_model() successfully completed......................................
2026-01-02 20:45:17,423:INFO:SubProcess create_model() end ==================================
2026-01-02 20:45:17,423:INFO:choose_better activated
2026-01-02 20:45:17,424:INFO:SubProcess create_model() called ==================================
2026-01-02 20:45:17,425:INFO:Initializing create_model()
2026-01-02 20:45:17,425:INFO:create_model(self=<pycaret.classification.oop.ClassificationExperiment object at 0x168dc7a60>, estimator=GradientBoostingClassifier(ccp_alpha=0.0, criterion='friedman_mse', init=None,
                           learning_rate=0.1, loss='log_loss', max_depth=3,
                           max_features=None, max_leaf_nodes=None,
                           min_impurity_decrease=0.0, min_samples_leaf=1,
                           min_samples_split=2, min_weight_fraction_leaf=0.0,
                           n_estimators=100, n_iter_no_change=None,
                           random_state=42, subsample=1.0, tol=0.0001,
                           validation_fraction=0.1, verbose=0,
                           warm_start=False), fold=StratifiedKFold(n_splits=5, random_state=None, shuffle=False), round=4, cross_validation=True, predict=True, fit_kwargs={}, groups=None, refit=True, probability_threshold=None, experiment_custom_tags=None, verbose=False, system=False, add_to_model_list=True, metrics=None, display=None, model_only=True, return_train_score=False, error_score=0.0, kwargs={})
2026-01-02 20:45:17,425:INFO:Checking exceptions
2026-01-02 20:45:17,425:INFO:Importing libraries
2026-01-02 20:45:17,425:INFO:Copying training dataset
2026-01-02 20:45:17,427:INFO:Defining folds
2026-01-02 20:45:17,427:INFO:Declaring metric variables
2026-01-02 20:45:17,427:INFO:Importing untrained model
2026-01-02 20:45:17,427:INFO:Declaring custom model
2026-01-02 20:45:17,427:INFO:Gradient Boosting Classifier Imported successfully
2026-01-02 20:45:17,428:INFO:Starting cross validation
2026-01-02 20:45:17,428:INFO:Cross validating with StratifiedKFold(n_splits=5, random_state=None, shuffle=False), n_jobs=-1
2026-01-02 20:45:17,715:INFO:Calculating mean and std
2026-01-02 20:45:17,715:INFO:Creating metrics dataframe
2026-01-02 20:45:17,715:INFO:Finalizing model
2026-01-02 20:45:17,992:INFO:Uploading results into container
2026-01-02 20:45:17,992:INFO:Uploading model into container now
2026-01-02 20:45:17,993:INFO:_master_model_container: 18
2026-01-02 20:45:17,993:INFO:_display_container: 4
2026-01-02 20:45:17,993:INFO:GradientBoostingClassifier(ccp_alpha=0.0, criterion='friedman_mse', init=None,
                           learning_rate=0.1, loss='log_loss', max_depth=3,
                           max_features=None, max_leaf_nodes=None,
                           min_impurity_decrease=0.0, min_samples_leaf=1,
                           min_samples_split=2, min_weight_fraction_leaf=0.0,
                           n_estimators=100, n_iter_no_change=None,
                           random_state=42, subsample=1.0, tol=0.0001,
                           validation_fraction=0.1, verbose=0,
                           warm_start=False)
2026-01-02 20:45:17,993:INFO:create_model() successfully completed......................................
2026-01-02 20:45:18,053:INFO:SubProcess create_model() end ==================================
2026-01-02 20:45:18,054:INFO:GradientBoostingClassifier(ccp_alpha=0.0, criterion='friedman_mse', init=None,
                           learning_rate=0.1, loss='log_loss', max_depth=3,
                           max_features=None, max_leaf_nodes=None,
                           min_impurity_decrease=0.0, min_samples_leaf=1,
                           min_samples_split=2, min_weight_fraction_leaf=0.0,
                           n_estimators=100, n_iter_no_change=None,
                           random_state=42, subsample=1.0, tol=0.0001,
                           validation_fraction=0.1, verbose=0,
                           warm_start=False) result for AUC is 0.8815
2026-01-02 20:45:18,054:INFO:GradientBoostingClassifier(ccp_alpha=0.0, criterion='friedman_mse', init=None,
                           learning_rate=0.05, loss='log_loss', max_depth=6,
                           max_features='sqrt', max_leaf_nodes=None,
                           min_impurity_decrease=0.3, min_samples_leaf=4,
                           min_samples_split=10, min_weight_fraction_leaf=0.0,
                           n_estimators=270, n_iter_no_change=None,
                           random_state=42, subsample=0.7, tol=0.0001,
                           validation_fraction=0.1, verbose=0,
                           warm_start=False) result for AUC is 0.8853
2026-01-02 20:45:18,054:INFO:GradientBoostingClassifier(ccp_alpha=0.0, criterion='friedman_mse', init=None,
                           learning_rate=0.05, loss='log_loss', max_depth=6,
                           max_features='sqrt', max_leaf_nodes=None,
                           min_impurity_decrease=0.3, min_samples_leaf=4,
                           min_samples_split=10, min_weight_fraction_leaf=0.0,
                           n_estimators=270, n_iter_no_change=None,
                           random_state=42, subsample=0.7, tol=0.0001,
                           validation_fraction=0.1, verbose=0,
                           warm_start=False) is best model
2026-01-02 20:45:18,054:INFO:choose_better completed
2026-01-02 20:45:18,057:INFO:_master_model_container: 18
2026-01-02 20:45:18,057:INFO:_display_container: 3
2026-01-02 20:45:18,057:INFO:GradientBoostingClassifier(ccp_alpha=0.0, criterion='friedman_mse', init=None,
                           learning_rate=0.05, loss='log_loss', max_depth=6,
                           max_features='sqrt', max_leaf_nodes=None,
                           min_impurity_decrease=0.3, min_samples_leaf=4,
                           min_samples_split=10, min_weight_fraction_leaf=0.0,
                           n_estimators=270, n_iter_no_change=None,
                           random_state=42, subsample=0.7, tol=0.0001,
                           validation_fraction=0.1, verbose=0,
                           warm_start=False)
2026-01-02 20:45:18,057:INFO:tune_model() successfully completed......................................
2026-01-02 20:45:18,130:INFO:Initializing predict_model()
2026-01-02 20:45:18,130:INFO:predict_model(self=<pycaret.classification.oop.ClassificationExperiment object at 0x168dc7a60>, estimator=GradientBoostingClassifier(ccp_alpha=0.0, criterion='friedman_mse', init=None,
                           learning_rate=0.05, loss='log_loss', max_depth=6,
                           max_features='sqrt', max_leaf_nodes=None,
                           min_impurity_decrease=0.3, min_samples_leaf=4,
                           min_samples_split=10, min_weight_fraction_leaf=0.0,
                           n_estimators=270, n_iter_no_change=None,
                           random_state=42, subsample=0.7, tol=0.0001,
                           validation_fraction=0.1, verbose=0,
                           warm_start=False), probability_threshold=None, encoded_labels=False, raw_score=False, round=4, verbose=True, ml_usecase=None, preprocess=True, encode_labels=<function _SupervisedExperiment.predict_model.<locals>.encode_labels at 0x35b57fb50>)
2026-01-02 20:45:18,130:INFO:Checking exceptions
2026-01-02 20:45:18,130:INFO:Preloading libraries
2026-01-02 20:45:18,249:INFO:Initializing plot_model()
2026-01-02 20:45:18,249:INFO:plot_model(plot=confusion_matrix, fold=None, verbose=True, display=None, display_format=None, estimator=GradientBoostingClassifier(ccp_alpha=0.0, criterion='friedman_mse', init=None,
                           learning_rate=0.05, loss='log_loss', max_depth=6,
                           max_features='sqrt', max_leaf_nodes=None,
                           min_impurity_decrease=0.3, min_samples_leaf=4,
                           min_samples_split=10, min_weight_fraction_leaf=0.0,
                           n_estimators=270, n_iter_no_change=None,
                           random_state=42, subsample=0.7, tol=0.0001,
                           validation_fraction=0.1, verbose=0,
                           warm_start=False), feature_name=None, fit_kwargs=None, groups=None, label=False, plot_kwargs=None, save=False, scale=1, self=<pycaret.classification.oop.ClassificationExperiment object at 0x168dc7a60>, system=True)
2026-01-02 20:45:18,249:INFO:Checking exceptions
2026-01-02 20:45:18,251:INFO:Preloading libraries
2026-01-02 20:45:18,258:INFO:Copying training dataset
2026-01-02 20:45:18,258:INFO:Plot type: confusion_matrix
2026-01-02 20:45:18,339:INFO:Fitting Model
2026-01-02 20:45:18,339:WARNING:/opt/homebrew/lib/python3.10/site-packages/sklearn/base.py:493: UserWarning: X does not have valid feature names, but GradientBoostingClassifier was fitted with feature names

2026-01-02 20:45:18,339:INFO:Scoring test/hold-out set
2026-01-02 20:45:18,393:INFO:Visual Rendered Successfully
2026-01-02 20:45:18,498:INFO:plot_model() successfully completed......................................
2026-01-02 20:45:18,507:INFO:Initializing plot_model()
2026-01-02 20:45:18,508:INFO:plot_model(plot=auc, fold=None, verbose=True, display=None, display_format=None, estimator=GradientBoostingClassifier(ccp_alpha=0.0, criterion='friedman_mse', init=None,
                           learning_rate=0.05, loss='log_loss', max_depth=6,
                           max_features='sqrt', max_leaf_nodes=None,
                           min_impurity_decrease=0.3, min_samples_leaf=4,
                           min_samples_split=10, min_weight_fraction_leaf=0.0,
                           n_estimators=270, n_iter_no_change=None,
                           random_state=42, subsample=0.7, tol=0.0001,
                           validation_fraction=0.1, verbose=0,
                           warm_start=False), feature_name=None, fit_kwargs=None, groups=None, label=False, plot_kwargs=None, save=False, scale=1, self=<pycaret.classification.oop.ClassificationExperiment object at 0x168dc7a60>, system=True)
2026-01-02 20:45:18,508:INFO:Checking exceptions
2026-01-02 20:45:18,512:INFO:Preloading libraries
2026-01-02 20:45:18,528:INFO:Copying training dataset
2026-01-02 20:45:18,528:INFO:Plot type: auc
2026-01-02 20:45:18,629:INFO:Fitting Model
2026-01-02 20:45:18,629:WARNING:/opt/homebrew/lib/python3.10/site-packages/sklearn/base.py:493: UserWarning: X does not have valid feature names, but GradientBoostingClassifier was fitted with feature names

2026-01-02 20:45:18,629:INFO:Scoring test/hold-out set
2026-01-02 20:45:18,689:INFO:Visual Rendered Successfully
2026-01-02 20:45:18,757:INFO:plot_model() successfully completed......................................
2026-01-02 20:45:18,832:INFO:Initializing plot_model()
2026-01-02 20:45:18,832:INFO:plot_model(plot=feature, fold=None, verbose=True, display=None, display_format=None, estimator=GradientBoostingClassifier(ccp_alpha=0.0, criterion='friedman_mse', init=None,
                           learning_rate=0.05, loss='log_loss', max_depth=6,
                           max_features='sqrt', max_leaf_nodes=None,
                           min_impurity_decrease=0.3, min_samples_leaf=4,
                           min_samples_split=10, min_weight_fraction_leaf=0.0,
                           n_estimators=270, n_iter_no_change=None,
                           random_state=42, subsample=0.7, tol=0.0001,
                           validation_fraction=0.1, verbose=0,
                           warm_start=False), feature_name=None, fit_kwargs=None, groups=None, label=False, plot_kwargs=None, save=False, scale=1, self=<pycaret.classification.oop.ClassificationExperiment object at 0x168dc7a60>, system=True)
2026-01-02 20:45:18,832:INFO:Checking exceptions
2026-01-02 20:45:18,835:INFO:Preloading libraries
2026-01-02 20:45:18,841:INFO:Copying training dataset
2026-01-02 20:45:18,841:INFO:Plot type: feature
2026-01-02 20:45:18,841:WARNING:No coef_ found. Trying feature_importances_
2026-01-02 20:45:18,921:INFO:Visual Rendered Successfully
2026-01-02 20:45:18,999:INFO:plot_model() successfully completed......................................
2026-01-02 20:45:19,006:INFO:Initializing interpret_model()
2026-01-02 20:45:19,007:INFO:interpret_model(estimator=GradientBoostingClassifier(ccp_alpha=0.0, criterion='friedman_mse', init=None,
                           learning_rate=0.05, loss='log_loss', max_depth=6,
                           max_features='sqrt', max_leaf_nodes=None,
                           min_impurity_decrease=0.3, min_samples_leaf=4,
                           min_samples_split=10, min_weight_fraction_leaf=0.0,
                           n_estimators=270, n_iter_no_change=None,
                           random_state=42, subsample=0.7, tol=0.0001,
                           validation_fraction=0.1, verbose=0,
                           warm_start=False), use_train_data=False, X_new_sample=None, y_new_sample=None, feature=None, kwargs={}, observation=None, plot=summary, save=False, self=<pycaret.classification.oop.ClassificationExperiment object at 0x168dc7a60>)
2026-01-02 20:45:19,007:INFO:Checking exceptions
2026-01-02 20:45:19,007:INFO:Soft dependency imported: shap: 0.44.1
2026-01-02 20:45:19,012:INFO:Initializing interpret_model()
2026-01-02 20:45:19,015:INFO:interpret_model(estimator=GradientBoostingClassifier(ccp_alpha=0.0, criterion='friedman_mse', init=None,
                           learning_rate=0.05, loss='log_loss', max_depth=6,
                           max_features='sqrt', max_leaf_nodes=None,
                           min_impurity_decrease=0.3, min_samples_leaf=4,
                           min_samples_split=10, min_weight_fraction_leaf=0.0,
                           n_estimators=270, n_iter_no_change=None,
                           random_state=42, subsample=0.7, tol=0.0001,
                           validation_fraction=0.1, verbose=0,
                           warm_start=False), use_train_data=False, X_new_sample=None, y_new_sample=None, feature=None, kwargs={}, observation=None, plot=correlation, save=False, self=<pycaret.classification.oop.ClassificationExperiment object at 0x168dc7a60>)
2026-01-02 20:45:19,015:INFO:Checking exceptions
2026-01-02 20:45:19,015:INFO:Soft dependency imported: shap: 0.44.1
2026-01-02 20:45:19,096:INFO:Initializing finalize_model()
2026-01-02 20:45:19,096:INFO:finalize_model(self=<pycaret.classification.oop.ClassificationExperiment object at 0x168dc7a60>, estimator=GradientBoostingClassifier(ccp_alpha=0.0, criterion='friedman_mse', init=None,
                           learning_rate=0.05, loss='log_loss', max_depth=6,
                           max_features='sqrt', max_leaf_nodes=None,
                           min_impurity_decrease=0.3, min_samples_leaf=4,
                           min_samples_split=10, min_weight_fraction_leaf=0.0,
                           n_estimators=270, n_iter_no_change=None,
                           random_state=42, subsample=0.7, tol=0.0001,
                           validation_fraction=0.1, verbose=0,
                           warm_start=False), fit_kwargs=None, groups=None, model_only=False, experiment_custom_tags=None)
2026-01-02 20:45:19,096:INFO:Finalizing GradientBoostingClassifier(ccp_alpha=0.0, criterion='friedman_mse', init=None,
                           learning_rate=0.05, loss='log_loss', max_depth=6,
                           max_features='sqrt', max_leaf_nodes=None,
                           min_impurity_decrease=0.3, min_samples_leaf=4,
                           min_samples_split=10, min_weight_fraction_leaf=0.0,
                           n_estimators=270, n_iter_no_change=None,
                           random_state=42, subsample=0.7, tol=0.0001,
                           validation_fraction=0.1, verbose=0,
                           warm_start=False)
2026-01-02 20:45:19,097:INFO:Initializing create_model()
2026-01-02 20:45:19,097:INFO:create_model(self=<pycaret.classification.oop.ClassificationExperiment object at 0x168dc7a60>, estimator=GradientBoostingClassifier(ccp_alpha=0.0, criterion='friedman_mse', init=None,
                           learning_rate=0.05, loss='log_loss', max_depth=6,
                           max_features='sqrt', max_leaf_nodes=None,
                           min_impurity_decrease=0.3, min_samples_leaf=4,
                           min_samples_split=10, min_weight_fraction_leaf=0.0,
                           n_estimators=270, n_iter_no_change=None,
                           random_state=42, subsample=0.7, tol=0.0001,
                           validation_fraction=0.1, verbose=0,
                           warm_start=False), fold=None, round=4, cross_validation=False, predict=False, fit_kwargs={}, groups=None, refit=True, probability_threshold=None, experiment_custom_tags=None, verbose=False, system=False, add_to_model_list=False, metrics=None, display=None, model_only=False, return_train_score=False, error_score=0.0, kwargs={})
2026-01-02 20:45:19,097:INFO:Checking exceptions
2026-01-02 20:45:19,098:INFO:Importing libraries
2026-01-02 20:45:19,098:INFO:Copying training dataset
2026-01-02 20:45:19,098:INFO:Defining folds
2026-01-02 20:45:19,098:INFO:Declaring metric variables
2026-01-02 20:45:19,098:INFO:Importing untrained model
2026-01-02 20:45:19,098:INFO:Declaring custom model
2026-01-02 20:45:19,099:INFO:Gradient Boosting Classifier Imported successfully
2026-01-02 20:45:19,100:INFO:Cross validation set to False
2026-01-02 20:45:19,100:INFO:Fitting Model
2026-01-02 20:45:19,344:INFO:Pipeline(memory=Memory(location=None),
         steps=[('numerical_imputer',
                 TransformerWrapper(exclude=None,
                                    include=['LnguaPortuguesaeLiteraturaI90H',
                                             'MatemticaI120H', 'idade'],
                                    transformer=SimpleImputer(add_indicator=False,
                                                              copy=True,
                                                              fill_value=None,
                                                              keep_empty_features=False,
                                                              missing_values=nan,
                                                              strategy='median'))),
                ('categorical_imputer',
                 TransformerWrapper(excl...
                                            criterion='friedman_mse', init=None,
                                            learning_rate=0.05, loss='log_loss',
                                            max_depth=6, max_features='sqrt',
                                            max_leaf_nodes=None,
                                            min_impurity_decrease=0.3,
                                            min_samples_leaf=4,
                                            min_samples_split=10,
                                            min_weight_fraction_leaf=0.0,
                                            n_estimators=270,
                                            n_iter_no_change=None,
                                            random_state=42, subsample=0.7,
                                            tol=0.0001, validation_fraction=0.1,
                                            verbose=0, warm_start=False))],
         verbose=False)
2026-01-02 20:45:19,344:INFO:create_model() successfully completed......................................
2026-01-02 20:45:19,406:INFO:_master_model_container: 18
2026-01-02 20:45:19,406:INFO:_display_container: 4
2026-01-02 20:45:19,411:INFO:Pipeline(memory=Memory(location=None),
         steps=[('numerical_imputer',
                 TransformerWrapper(exclude=None,
                                    include=['LnguaPortuguesaeLiteraturaI90H',
                                             'MatemticaI120H', 'idade'],
                                    transformer=SimpleImputer(add_indicator=False,
                                                              copy=True,
                                                              fill_value=None,
                                                              keep_empty_features=False,
                                                              missing_values=nan,
                                                              strategy='median'))),
                ('categorical_imputer',
                 TransformerWrapper(excl...
                                            criterion='friedman_mse', init=None,
                                            learning_rate=0.05, loss='log_loss',
                                            max_depth=6, max_features='sqrt',
                                            max_leaf_nodes=None,
                                            min_impurity_decrease=0.3,
                                            min_samples_leaf=4,
                                            min_samples_split=10,
                                            min_weight_fraction_leaf=0.0,
                                            n_estimators=270,
                                            n_iter_no_change=None,
                                            random_state=42, subsample=0.7,
                                            tol=0.0001, validation_fraction=0.1,
                                            verbose=0, warm_start=False))],
         verbose=False)
2026-01-02 20:45:19,411:INFO:finalize_model() successfully completed......................................
2026-01-02 20:45:19,491:INFO:Initializing save_model()
2026-01-02 20:45:19,491:INFO:save_model(model=Pipeline(memory=Memory(location=None),
         steps=[('numerical_imputer',
                 TransformerWrapper(exclude=None,
                                    include=['LnguaPortuguesaeLiteraturaI90H',
                                             'MatemticaI120H', 'idade'],
                                    transformer=SimpleImputer(add_indicator=False,
                                                              copy=True,
                                                              fill_value=None,
                                                              keep_empty_features=False,
                                                              missing_values=nan,
                                                              strategy='median'))),
                ('categorical_imputer',
                 TransformerWrapper(excl...
                                            criterion='friedman_mse', init=None,
                                            learning_rate=0.05, loss='log_loss',
                                            max_depth=6, max_features='sqrt',
                                            max_leaf_nodes=None,
                                            min_impurity_decrease=0.3,
                                            min_samples_leaf=4,
                                            min_samples_split=10,
                                            min_weight_fraction_leaf=0.0,
                                            n_estimators=270,
                                            n_iter_no_change=None,
                                            random_state=42, subsample=0.7,
                                            tol=0.0001, validation_fraction=0.1,
                                            verbose=0, warm_start=False))],
         verbose=False), model_name=melhor_modelo_pycaret, prep_pipe_=Pipeline(memory=FastMemory(location=/var/folders/qq/pvvjcqys15v14km9lr6xcy1w0000gn/T/joblib),
         steps=[('numerical_imputer',
                 TransformerWrapper(exclude=None,
                                    include=['LnguaPortuguesaeLiteraturaI90H',
                                             'MatemticaI120H', 'idade'],
                                    transformer=SimpleImputer(add_indicator=False,
                                                              copy=True,
                                                              fill_value=None,
                                                              keep_empty_features=False,
                                                              missing_values=nan,
                                                              strategy='me...
                                             'descricao_raca'],
                                    transformer=OneHotEncoder(cols=['descricao_responsavel_escolaridade',
                                                                    'descricao_raca'],
                                                              drop_invariant=False,
                                                              handle_missing='return_nan',
                                                              handle_unknown='value',
                                                              return_df=True,
                                                              use_cat_names=True,
                                                              verbose=0))),
                ('normalize',
                 TransformerWrapper(exclude=None, include=None,
                                    transformer=MinMaxScaler(clip=False,
                                                             copy=True,
                                                             feature_range=(0,
                                                                            1))))],
         verbose=False), verbose=True, use_case=MLUsecase.CLASSIFICATION, kwargs={})
2026-01-02 20:45:19,491:INFO:Adding model into prep_pipe
2026-01-02 20:45:19,491:WARNING:Only Model saved as it was a pipeline.
2026-01-02 20:45:19,497:INFO:melhor_modelo_pycaret.pkl saved in current working directory
2026-01-02 20:45:19,502:INFO:Pipeline(memory=Memory(location=None),
         steps=[('numerical_imputer',
                 TransformerWrapper(exclude=None,
                                    include=['LnguaPortuguesaeLiteraturaI90H',
                                             'MatemticaI120H', 'idade'],
                                    transformer=SimpleImputer(add_indicator=False,
                                                              copy=True,
                                                              fill_value=None,
                                                              keep_empty_features=False,
                                                              missing_values=nan,
                                                              strategy='median'))),
                ('categorical_imputer',
                 TransformerWrapper(excl...
                                            criterion='friedman_mse', init=None,
                                            learning_rate=0.05, loss='log_loss',
                                            max_depth=6, max_features='sqrt',
                                            max_leaf_nodes=None,
                                            min_impurity_decrease=0.3,
                                            min_samples_leaf=4,
                                            min_samples_split=10,
                                            min_weight_fraction_leaf=0.0,
                                            n_estimators=270,
                                            n_iter_no_change=None,
                                            random_state=42, subsample=0.7,
                                            tol=0.0001, validation_fraction=0.1,
                                            verbose=0, warm_start=False))],
         verbose=False)
2026-01-02 20:45:19,502:INFO:save_model() successfully completed......................................
2026-01-02 20:45:19,570:INFO:Initializing load_model()
2026-01-02 20:45:19,570:INFO:load_model(model_name=melhor_modelo_pycaret, platform=None, authentication=None, verbose=True)
2026-01-02 20:45:19,625:INFO:Initializing predict_model()
2026-01-02 20:45:19,625:INFO:predict_model(self=<pycaret.classification.oop.ClassificationExperiment object at 0x168dc7a60>, estimator=Pipeline(memory=FastMemory(location=/var/folders/qq/pvvjcqys15v14km9lr6xcy1w0000gn/T/joblib),
         steps=[('numerical_imputer',
                 TransformerWrapper(exclude=None,
                                    include=['LnguaPortuguesaeLiteraturaI90H',
                                             'MatemticaI120H', 'idade'],
                                    transformer=SimpleImputer(add_indicator=False,
                                                              copy=True,
                                                              fill_value=None,
                                                              keep_empty_features=False,
                                                              missing_values=nan,
                                                              strategy='me...
                                            criterion='friedman_mse', init=None,
                                            learning_rate=0.05, loss='log_loss',
                                            max_depth=6, max_features='sqrt',
                                            max_leaf_nodes=None,
                                            min_impurity_decrease=0.3,
                                            min_samples_leaf=4,
                                            min_samples_split=10,
                                            min_weight_fraction_leaf=0.0,
                                            n_estimators=270,
                                            n_iter_no_change=None,
                                            random_state=42, subsample=0.7,
                                            tol=0.0001, validation_fraction=0.1,
                                            verbose=0, warm_start=False))],
         verbose=False), probability_threshold=None, encoded_labels=False, raw_score=False, round=4, verbose=True, ml_usecase=None, preprocess=True, encode_labels=<function _SupervisedExperiment.predict_model.<locals>.encode_labels at 0x3a3c90700>)
2026-01-02 20:45:19,625:INFO:Checking exceptions
2026-01-02 20:45:19,625:INFO:Preloading libraries
2026-01-02 20:45:19,626:INFO:Set up data.
2026-01-02 20:45:19,628:INFO:Set up index.
2026-01-02 20:48:57,183:WARNING:
'cuml' is a soft dependency and not included in the pycaret installation. Please run: `pip install cuml` to install.
2026-01-02 20:48:57,183:WARNING:
'cuml' is a soft dependency and not included in the pycaret installation. Please run: `pip install cuml` to install.
2026-01-02 20:48:57,184:WARNING:
'cuml' is a soft dependency and not included in the pycaret installation. Please run: `pip install cuml` to install.
2026-01-02 20:48:57,184:WARNING:
'cuml' is a soft dependency and not included in the pycaret installation. Please run: `pip install cuml` to install.
2026-01-02 20:48:57,869:INFO:PyCaret ClassificationExperiment
2026-01-02 20:48:57,869:INFO:Logging name: clf-default-name
2026-01-02 20:48:57,869:INFO:ML Usecase: MLUsecase.CLASSIFICATION
2026-01-02 20:48:57,869:INFO:version 3.3.2
2026-01-02 20:48:57,869:INFO:Initializing setup()
2026-01-02 20:48:57,869:INFO:self.USI: 3146
2026-01-02 20:48:57,869:INFO:self._variable_keys: {'fold_groups_param', 'X_test', 'y_test', 'pipeline', 'idx', 'seed', 'X_train', 'gpu_n_jobs_param', 'target_param', 'fold_generator', 'fix_imbalance', 'y_train', 'X', '_available_plots', 'log_plots_param', 'n_jobs_param', 'memory', 'gpu_param', 'is_multiclass', 'USI', 'exp_id', 'exp_name_log', 'data', 'html_param', 'fold_shuffle_param', 'y', 'logging_param', '_ml_usecase'}
2026-01-02 20:48:57,869:INFO:Checking environment
2026-01-02 20:48:57,869:INFO:python_version: 3.10.18
2026-01-02 20:48:57,869:INFO:python_build: ('main', 'Jun  3 2025 18:23:41')
2026-01-02 20:48:57,869:INFO:machine: arm64
2026-01-02 20:48:57,869:INFO:platform: macOS-15.6.1-arm64-arm-64bit
2026-01-02 20:48:57,870:INFO:Memory: svmem(total=51539607552, available=25073647616, percent=51.4, used=24032329728, free=4234313728, active=20864876544, inactive=20728889344, wired=3167453184)
2026-01-02 20:48:57,870:INFO:Physical Core: 14
2026-01-02 20:48:57,870:INFO:Logical Core: 14
2026-01-02 20:48:57,870:INFO:Checking libraries
2026-01-02 20:48:57,870:INFO:System:
2026-01-02 20:48:57,870:INFO:    python: 3.10.18 (main, Jun  3 2025, 18:23:41) [Clang 17.0.0 (clang-1700.0.13.3)]
2026-01-02 20:48:57,870:INFO:executable: /opt/homebrew/opt/python@3.10/bin/python3.10
2026-01-02 20:48:57,870:INFO:   machine: macOS-15.6.1-arm64-arm-64bit
2026-01-02 20:48:57,870:INFO:PyCaret required dependencies:
2026-01-02 20:48:57,870:WARNING:/opt/homebrew/Cellar/python@3.10/3.10.18/Frameworks/Python.framework/Versions/3.10/lib/python3.10/site-packages/_distutils_hack/__init__.py:30: UserWarning: Setuptools is replacing distutils. Support for replacing an already imported distutils is deprecated. In the future, this condition will fail. Register concerns at https://github.com/pypa/setuptools/issues/new?template=distutils-deprecation.yml
  warnings.warn(

2026-01-02 20:48:58,127:INFO:                 pip: 25.3
2026-01-02 20:48:58,127:INFO:          setuptools: 80.9.0
2026-01-02 20:48:58,127:INFO:             pycaret: 3.3.2
2026-01-02 20:48:58,127:INFO:             IPython: 8.37.0
2026-01-02 20:48:58,127:INFO:          ipywidgets: 8.1.8
2026-01-02 20:48:58,127:INFO:                tqdm: 4.67.1
2026-01-02 20:48:58,127:INFO:               numpy: 1.26.4
2026-01-02 20:48:58,127:INFO:              pandas: 2.1.4
2026-01-02 20:48:58,127:INFO:              jinja2: 3.1.6
2026-01-02 20:48:58,127:INFO:               scipy: 1.11.4
2026-01-02 20:48:58,127:INFO:              joblib: 1.3.2
2026-01-02 20:48:58,127:INFO:             sklearn: 1.4.2
2026-01-02 20:48:58,127:INFO:                pyod: 2.0.6
2026-01-02 20:48:58,127:INFO:            imblearn: 0.14.1
2026-01-02 20:48:58,127:INFO:   category_encoders: 2.7.0
2026-01-02 20:48:58,128:INFO:            lightgbm: 4.6.0
2026-01-02 20:48:58,128:INFO:               numba: 0.62.1
2026-01-02 20:48:58,128:INFO:            requests: 2.32.5
2026-01-02 20:48:58,128:INFO:          matplotlib: 3.7.5
2026-01-02 20:48:58,128:INFO:          scikitplot: 0.3.7
2026-01-02 20:48:58,128:INFO:         yellowbrick: 1.5
2026-01-02 20:48:58,128:INFO:              plotly: 5.24.1
2026-01-02 20:48:58,128:INFO:    plotly-resampler: Not installed
2026-01-02 20:48:58,128:INFO:             kaleido: 1.2.0
2026-01-02 20:48:58,128:INFO:           schemdraw: 0.15
2026-01-02 20:48:58,128:INFO:         statsmodels: 0.14.6
2026-01-02 20:48:58,128:INFO:              sktime: 0.26.0
2026-01-02 20:48:58,128:INFO:               tbats: 1.1.3
2026-01-02 20:48:58,128:INFO:            pmdarima: 2.0.4
2026-01-02 20:48:58,128:INFO:              psutil: 7.1.0
2026-01-02 20:48:58,128:INFO:          markupsafe: 3.0.3
2026-01-02 20:48:58,128:INFO:             pickle5: Not installed
2026-01-02 20:48:58,128:INFO:         cloudpickle: 3.1.2
2026-01-02 20:48:58,128:INFO:         deprecation: 2.1.0
2026-01-02 20:48:58,128:INFO:              xxhash: 3.6.0
2026-01-02 20:48:58,128:INFO:           wurlitzer: 3.1.1
2026-01-02 20:48:58,128:INFO:PyCaret optional dependencies:
2026-01-02 20:48:59,324:INFO:                shap: 0.44.1
2026-01-02 20:48:59,324:INFO:           interpret: 0.7.3
2026-01-02 20:48:59,324:INFO:                umap: 0.5.7
2026-01-02 20:48:59,324:INFO:     ydata_profiling: 4.18.0
2026-01-02 20:48:59,324:INFO:  explainerdashboard: 0.5.1
2026-01-02 20:48:59,324:INFO:             autoviz: Not installed
2026-01-02 20:48:59,324:INFO:           fairlearn: 0.7.0
2026-01-02 20:48:59,324:INFO:          deepchecks: Not installed
2026-01-02 20:48:59,324:INFO:             xgboost: 3.1.2
2026-01-02 20:48:59,324:INFO:            catboost: 1.1.1
2026-01-02 20:48:59,324:INFO:              kmodes: 0.12.2
2026-01-02 20:48:59,324:INFO:             mlxtend: 0.23.4
2026-01-02 20:48:59,324:INFO:       statsforecast: 1.5.0
2026-01-02 20:48:59,324:INFO:        tune_sklearn: 0.5.0
2026-01-02 20:48:59,324:INFO:                 ray: 2.53.0
2026-01-02 20:48:59,324:INFO:            hyperopt: 0.2.7
2026-01-02 20:48:59,324:INFO:              optuna: 4.6.0
2026-01-02 20:48:59,324:INFO:               skopt: 0.10.2
2026-01-02 20:48:59,324:INFO:              mlflow: 3.8.1
2026-01-02 20:48:59,324:INFO:              gradio: 6.2.0
2026-01-02 20:48:59,324:INFO:             fastapi: 0.128.0
2026-01-02 20:48:59,324:INFO:             uvicorn: 0.40.0
2026-01-02 20:48:59,324:INFO:              m2cgen: 0.10.0
2026-01-02 20:48:59,324:INFO:           evidently: 0.4.40
2026-01-02 20:48:59,324:INFO:               fugue: 0.8.7
2026-01-02 20:48:59,324:INFO:           streamlit: Not installed
2026-01-02 20:48:59,324:INFO:             prophet: Not installed
2026-01-02 20:48:59,324:INFO:None
2026-01-02 20:48:59,324:INFO:Set up data.
2026-01-02 20:48:59,327:INFO:Set up folding strategy.
2026-01-02 20:48:59,327:INFO:Set up train/test split.
2026-01-02 20:48:59,330:INFO:Set up index.
2026-01-02 20:48:59,330:INFO:Assigning column types.
2026-01-02 20:48:59,331:INFO:Engine successfully changes for model 'lr' to 'sklearn'.
2026-01-02 20:48:59,343:INFO:Engine for model 'knn' has not been set explicitly, hence returning None.
2026-01-02 20:48:59,345:INFO:Engine for model 'rbfsvm' has not been set explicitly, hence returning None.
2026-01-02 20:48:59,355:INFO:Soft dependency imported: xgboost: 3.1.2
2026-01-02 20:48:59,356:INFO:Soft dependency imported: catboost: 1.1.1
2026-01-02 20:48:59,382:INFO:Engine for model 'knn' has not been set explicitly, hence returning None.
2026-01-02 20:48:59,383:INFO:Engine for model 'rbfsvm' has not been set explicitly, hence returning None.
2026-01-02 20:48:59,391:INFO:Soft dependency imported: xgboost: 3.1.2
2026-01-02 20:48:59,391:INFO:Soft dependency imported: catboost: 1.1.1
2026-01-02 20:48:59,392:INFO:Engine successfully changes for model 'knn' to 'sklearn'.
2026-01-02 20:48:59,404:INFO:Engine for model 'rbfsvm' has not been set explicitly, hence returning None.
2026-01-02 20:48:59,412:INFO:Soft dependency imported: xgboost: 3.1.2
2026-01-02 20:48:59,413:INFO:Soft dependency imported: catboost: 1.1.1
2026-01-02 20:48:59,426:INFO:Engine for model 'rbfsvm' has not been set explicitly, hence returning None.
2026-01-02 20:48:59,434:INFO:Soft dependency imported: xgboost: 3.1.2
2026-01-02 20:48:59,435:INFO:Soft dependency imported: catboost: 1.1.1
2026-01-02 20:48:59,435:INFO:Engine successfully changes for model 'rbfsvm' to 'sklearn'.
2026-01-02 20:48:59,455:INFO:Soft dependency imported: xgboost: 3.1.2
2026-01-02 20:48:59,455:INFO:Soft dependency imported: catboost: 1.1.1
2026-01-02 20:48:59,476:INFO:Soft dependency imported: xgboost: 3.1.2
2026-01-02 20:48:59,477:INFO:Soft dependency imported: catboost: 1.1.1
2026-01-02 20:48:59,478:INFO:Preparing preprocessing pipeline...
2026-01-02 20:48:59,479:INFO:Set up simple imputation.
2026-01-02 20:48:59,480:INFO:Set up encoding of ordinal features.
2026-01-02 20:48:59,481:INFO:Set up encoding of categorical features.
2026-01-02 20:48:59,481:INFO:Set up feature normalization.
2026-01-02 20:48:59,519:INFO:Finished creating preprocessing pipeline.
2026-01-02 20:48:59,524:INFO:Pipeline: Pipeline(memory=FastMemory(location=/var/folders/qq/pvvjcqys15v14km9lr6xcy1w0000gn/T/joblib),
         steps=[('numerical_imputer',
                 TransformerWrapper(exclude=None,
                                    include=['LnguaPortuguesaeLiteraturaI90H',
                                             'MatemticaI120H', 'idade'],
                                    transformer=SimpleImputer(add_indicator=False,
                                                              copy=True,
                                                              fill_value=None,
                                                              keep_empty_features=False,
                                                              missing_values=nan,
                                                              strategy='me...
                                             'descricao_raca'],
                                    transformer=OneHotEncoder(cols=['descricao_responsavel_escolaridade',
                                                                    'descricao_raca'],
                                                              drop_invariant=False,
                                                              handle_missing='return_nan',
                                                              handle_unknown='value',
                                                              return_df=True,
                                                              use_cat_names=True,
                                                              verbose=0))),
                ('normalize',
                 TransformerWrapper(exclude=None, include=None,
                                    transformer=MinMaxScaler(clip=False,
                                                             copy=True,
                                                             feature_range=(0,
                                                                            1))))],
         verbose=False)
2026-01-02 20:48:59,524:INFO:Creating final display dataframe.
2026-01-02 20:48:59,609:INFO:Setup _display_container:                     Description             Value
0                    Session id                42
1                        Target            classe
2                   Target type            Binary
3           Original data shape         (8908, 7)
4        Transformed data shape        (8908, 22)
5   Transformed train set shape        (7126, 22)
6    Transformed test set shape        (1782, 22)
7              Numeric features                 3
8          Categorical features                 3
9      Rows with missing values             19.1%
10                   Preprocess              True
11              Imputation type            simple
12           Numeric imputation            median
13       Categorical imputation              mode
14     Maximum one-hot encoding                25
15              Encoding method              None
16                    Normalize              True
17             Normalize method            minmax
18               Fold Generator   StratifiedKFold
19                  Fold Number                10
20                     CPU Jobs                -1
21                      Use GPU             False
22               Log Experiment             False
23              Experiment Name  clf-default-name
24                          USI              3146
2026-01-02 20:48:59,631:INFO:Soft dependency imported: xgboost: 3.1.2
2026-01-02 20:48:59,632:INFO:Soft dependency imported: catboost: 1.1.1
2026-01-02 20:48:59,652:INFO:Soft dependency imported: xgboost: 3.1.2
2026-01-02 20:48:59,653:INFO:Soft dependency imported: catboost: 1.1.1
2026-01-02 20:48:59,654:INFO:setup() successfully completed in 1.78s...............
2026-01-02 20:48:59,664:INFO:Initializing compare_models()
2026-01-02 20:48:59,664:INFO:compare_models(self=<pycaret.classification.oop.ClassificationExperiment object at 0x12fe6ba60>, include=None, fold=5, round=4, cross_validation=True, sort=AUC, n_select=3, budget_time=None, turbo=True, errors=ignore, fit_kwargs=None, groups=None, experiment_custom_tags=None, probability_threshold=None, verbose=True, parallel=None, caller_params={'self': <pycaret.classification.oop.ClassificationExperiment object at 0x12fe6ba60>, 'include': None, 'exclude': None, 'fold': 5, 'round': 4, 'cross_validation': True, 'sort': 'AUC', 'n_select': 3, 'budget_time': None, 'turbo': True, 'errors': 'ignore', 'fit_kwargs': None, 'groups': None, 'experiment_custom_tags': None, 'probability_threshold': None, 'engine': None, 'verbose': True, 'parallel': None, '__class__': <class 'pycaret.classification.oop.ClassificationExperiment'>}, exclude=None)
2026-01-02 20:48:59,664:INFO:Checking exceptions
2026-01-02 20:48:59,667:INFO:Preparing display monitor
2026-01-02 20:48:59,690:INFO:Initializing Logistic Regression
2026-01-02 20:48:59,690:INFO:Total runtime is 2.948443094889323e-06 minutes
2026-01-02 20:48:59,691:INFO:SubProcess create_model() called ==================================
2026-01-02 20:48:59,691:INFO:Initializing create_model()
2026-01-02 20:48:59,692:INFO:create_model(self=<pycaret.classification.oop.ClassificationExperiment object at 0x12fe6ba60>, estimator=lr, fold=StratifiedKFold(n_splits=5, random_state=None, shuffle=False), round=4, cross_validation=True, predict=True, fit_kwargs={}, groups=None, refit=False, probability_threshold=None, experiment_custom_tags=None, verbose=False, system=False, add_to_model_list=True, metrics=None, display=<pycaret.internal.display.display.CommonDisplay object at 0x39b317cd0>, model_only=True, return_train_score=False, error_score=0.0, kwargs={})
2026-01-02 20:48:59,692:INFO:Checking exceptions
2026-01-02 20:48:59,692:INFO:Importing libraries
2026-01-02 20:48:59,692:INFO:Copying training dataset
2026-01-02 20:48:59,696:INFO:Defining folds
2026-01-02 20:48:59,696:INFO:Declaring metric variables
2026-01-02 20:48:59,697:INFO:Importing untrained model
2026-01-02 20:48:59,700:INFO:Logistic Regression Imported successfully
2026-01-02 20:48:59,702:INFO:Starting cross validation
2026-01-02 20:48:59,703:INFO:Cross validating with StratifiedKFold(n_splits=5, random_state=None, shuffle=False), n_jobs=-1
2026-01-02 20:49:01,507:WARNING:/opt/homebrew/Cellar/python@3.10/3.10.18/Frameworks/Python.framework/Versions/3.10/lib/python3.10/site-packages/_distutils_hack/__init__.py:30: UserWarning: Setuptools is replacing distutils. Support for replacing an already imported distutils is deprecated. In the future, this condition will fail. Register concerns at https://github.com/pypa/setuptools/issues/new?template=distutils-deprecation.yml
  warnings.warn(

2026-01-02 20:49:01,508:WARNING:/opt/homebrew/Cellar/python@3.10/3.10.18/Frameworks/Python.framework/Versions/3.10/lib/python3.10/site-packages/_distutils_hack/__init__.py:30: UserWarning: Setuptools is replacing distutils. Support for replacing an already imported distutils is deprecated. In the future, this condition will fail. Register concerns at https://github.com/pypa/setuptools/issues/new?template=distutils-deprecation.yml
  warnings.warn(

2026-01-02 20:49:01,511:WARNING:/opt/homebrew/Cellar/python@3.10/3.10.18/Frameworks/Python.framework/Versions/3.10/lib/python3.10/site-packages/_distutils_hack/__init__.py:30: UserWarning: Setuptools is replacing distutils. Support for replacing an already imported distutils is deprecated. In the future, this condition will fail. Register concerns at https://github.com/pypa/setuptools/issues/new?template=distutils-deprecation.yml
  warnings.warn(

2026-01-02 20:49:01,515:WARNING:/opt/homebrew/Cellar/python@3.10/3.10.18/Frameworks/Python.framework/Versions/3.10/lib/python3.10/site-packages/_distutils_hack/__init__.py:30: UserWarning: Setuptools is replacing distutils. Support for replacing an already imported distutils is deprecated. In the future, this condition will fail. Register concerns at https://github.com/pypa/setuptools/issues/new?template=distutils-deprecation.yml
  warnings.warn(

2026-01-02 20:49:01,547:WARNING:/opt/homebrew/Cellar/python@3.10/3.10.18/Frameworks/Python.framework/Versions/3.10/lib/python3.10/site-packages/_distutils_hack/__init__.py:30: UserWarning: Setuptools is replacing distutils. Support for replacing an already imported distutils is deprecated. In the future, this condition will fail. Register concerns at https://github.com/pypa/setuptools/issues/new?template=distutils-deprecation.yml
  warnings.warn(

2026-01-02 20:49:01,911:INFO:Calculating mean and std
2026-01-02 20:49:01,912:INFO:Creating metrics dataframe
2026-01-02 20:49:01,914:INFO:Uploading results into container
2026-01-02 20:49:01,914:INFO:Uploading model into container now
2026-01-02 20:49:01,914:INFO:_master_model_container: 1
2026-01-02 20:49:01,914:INFO:_display_container: 2
2026-01-02 20:49:01,915:INFO:LogisticRegression(C=1.0, class_weight=None, dual=False, fit_intercept=True,
                   intercept_scaling=1, l1_ratio=None, max_iter=1000,
                   multi_class='auto', n_jobs=None, penalty='l2',
                   random_state=42, solver='lbfgs', tol=0.0001, verbose=0,
                   warm_start=False)
2026-01-02 20:49:01,915:INFO:create_model() successfully completed......................................
2026-01-02 20:49:01,984:INFO:SubProcess create_model() end ==================================
2026-01-02 20:49:01,984:INFO:Creating metrics dataframe
2026-01-02 20:49:01,986:INFO:Initializing K Neighbors Classifier
2026-01-02 20:49:01,986:INFO:Total runtime is 0.03826751708984375 minutes
2026-01-02 20:49:01,987:INFO:SubProcess create_model() called ==================================
2026-01-02 20:49:01,988:INFO:Initializing create_model()
2026-01-02 20:49:01,988:INFO:create_model(self=<pycaret.classification.oop.ClassificationExperiment object at 0x12fe6ba60>, estimator=knn, fold=StratifiedKFold(n_splits=5, random_state=None, shuffle=False), round=4, cross_validation=True, predict=True, fit_kwargs={}, groups=None, refit=False, probability_threshold=None, experiment_custom_tags=None, verbose=False, system=False, add_to_model_list=True, metrics=None, display=<pycaret.internal.display.display.CommonDisplay object at 0x39b317cd0>, model_only=True, return_train_score=False, error_score=0.0, kwargs={})
2026-01-02 20:49:01,988:INFO:Checking exceptions
2026-01-02 20:49:01,988:INFO:Importing libraries
2026-01-02 20:49:01,988:INFO:Copying training dataset
2026-01-02 20:49:01,989:INFO:Defining folds
2026-01-02 20:49:01,990:INFO:Declaring metric variables
2026-01-02 20:49:01,990:INFO:Importing untrained model
2026-01-02 20:49:01,991:INFO:K Neighbors Classifier Imported successfully
2026-01-02 20:49:01,994:INFO:Starting cross validation
2026-01-02 20:49:01,994:INFO:Cross validating with StratifiedKFold(n_splits=5, random_state=None, shuffle=False), n_jobs=-1
2026-01-02 20:49:02,889:WARNING:/opt/homebrew/Cellar/python@3.10/3.10.18/Frameworks/Python.framework/Versions/3.10/lib/python3.10/site-packages/_distutils_hack/__init__.py:30: UserWarning: Setuptools is replacing distutils. Support for replacing an already imported distutils is deprecated. In the future, this condition will fail. Register concerns at https://github.com/pypa/setuptools/issues/new?template=distutils-deprecation.yml
  warnings.warn(

2026-01-02 20:49:02,889:WARNING:/opt/homebrew/Cellar/python@3.10/3.10.18/Frameworks/Python.framework/Versions/3.10/lib/python3.10/site-packages/_distutils_hack/__init__.py:30: UserWarning: Setuptools is replacing distutils. Support for replacing an already imported distutils is deprecated. In the future, this condition will fail. Register concerns at https://github.com/pypa/setuptools/issues/new?template=distutils-deprecation.yml
  warnings.warn(

2026-01-02 20:49:03,289:INFO:Calculating mean and std
2026-01-02 20:49:03,290:INFO:Creating metrics dataframe
2026-01-02 20:49:03,291:INFO:Uploading results into container
2026-01-02 20:49:03,291:INFO:Uploading model into container now
2026-01-02 20:49:03,291:INFO:_master_model_container: 2
2026-01-02 20:49:03,291:INFO:_display_container: 2
2026-01-02 20:49:03,291:INFO:KNeighborsClassifier(algorithm='auto', leaf_size=30, metric='minkowski',
                     metric_params=None, n_jobs=-1, n_neighbors=5, p=2,
                     weights='uniform')
2026-01-02 20:49:03,291:INFO:create_model() successfully completed......................................
2026-01-02 20:49:03,354:INFO:SubProcess create_model() end ==================================
2026-01-02 20:49:03,354:INFO:Creating metrics dataframe
2026-01-02 20:49:03,357:INFO:Initializing Naive Bayes
2026-01-02 20:49:03,357:INFO:Total runtime is 0.06111400127410889 minutes
2026-01-02 20:49:03,358:INFO:SubProcess create_model() called ==================================
2026-01-02 20:49:03,358:INFO:Initializing create_model()
2026-01-02 20:49:03,358:INFO:create_model(self=<pycaret.classification.oop.ClassificationExperiment object at 0x12fe6ba60>, estimator=nb, fold=StratifiedKFold(n_splits=5, random_state=None, shuffle=False), round=4, cross_validation=True, predict=True, fit_kwargs={}, groups=None, refit=False, probability_threshold=None, experiment_custom_tags=None, verbose=False, system=False, add_to_model_list=True, metrics=None, display=<pycaret.internal.display.display.CommonDisplay object at 0x39b317cd0>, model_only=True, return_train_score=False, error_score=0.0, kwargs={})
2026-01-02 20:49:03,358:INFO:Checking exceptions
2026-01-02 20:49:03,358:INFO:Importing libraries
2026-01-02 20:49:03,358:INFO:Copying training dataset
2026-01-02 20:49:03,360:INFO:Defining folds
2026-01-02 20:49:03,360:INFO:Declaring metric variables
2026-01-02 20:49:03,361:INFO:Importing untrained model
2026-01-02 20:49:03,362:INFO:Naive Bayes Imported successfully
2026-01-02 20:49:03,364:INFO:Starting cross validation
2026-01-02 20:49:03,365:INFO:Cross validating with StratifiedKFold(n_splits=5, random_state=None, shuffle=False), n_jobs=-1
2026-01-02 20:49:04,300:WARNING:/opt/homebrew/Cellar/python@3.10/3.10.18/Frameworks/Python.framework/Versions/3.10/lib/python3.10/site-packages/_distutils_hack/__init__.py:30: UserWarning: Setuptools is replacing distutils. Support for replacing an already imported distutils is deprecated. In the future, this condition will fail. Register concerns at https://github.com/pypa/setuptools/issues/new?template=distutils-deprecation.yml
  warnings.warn(

2026-01-02 20:49:04,305:WARNING:/opt/homebrew/Cellar/python@3.10/3.10.18/Frameworks/Python.framework/Versions/3.10/lib/python3.10/site-packages/_distutils_hack/__init__.py:30: UserWarning: Setuptools is replacing distutils. Support for replacing an already imported distutils is deprecated. In the future, this condition will fail. Register concerns at https://github.com/pypa/setuptools/issues/new?template=distutils-deprecation.yml
  warnings.warn(

2026-01-02 20:49:04,307:WARNING:/opt/homebrew/Cellar/python@3.10/3.10.18/Frameworks/Python.framework/Versions/3.10/lib/python3.10/site-packages/_distutils_hack/__init__.py:30: UserWarning: Setuptools is replacing distutils. Support for replacing an already imported distutils is deprecated. In the future, this condition will fail. Register concerns at https://github.com/pypa/setuptools/issues/new?template=distutils-deprecation.yml
  warnings.warn(

2026-01-02 20:49:04,656:INFO:Calculating mean and std
2026-01-02 20:49:04,656:INFO:Creating metrics dataframe
2026-01-02 20:49:04,657:INFO:Uploading results into container
2026-01-02 20:49:04,658:INFO:Uploading model into container now
2026-01-02 20:49:04,658:INFO:_master_model_container: 3
2026-01-02 20:49:04,658:INFO:_display_container: 2
2026-01-02 20:49:04,658:INFO:GaussianNB(priors=None, var_smoothing=1e-09)
2026-01-02 20:49:04,659:INFO:create_model() successfully completed......................................
2026-01-02 20:49:04,727:INFO:SubProcess create_model() end ==================================
2026-01-02 20:49:04,727:INFO:Creating metrics dataframe
2026-01-02 20:49:04,729:INFO:Initializing Decision Tree Classifier
2026-01-02 20:49:04,730:INFO:Total runtime is 0.08399299780527751 minutes
2026-01-02 20:49:04,731:INFO:SubProcess create_model() called ==================================
2026-01-02 20:49:04,731:INFO:Initializing create_model()
2026-01-02 20:49:04,731:INFO:create_model(self=<pycaret.classification.oop.ClassificationExperiment object at 0x12fe6ba60>, estimator=dt, fold=StratifiedKFold(n_splits=5, random_state=None, shuffle=False), round=4, cross_validation=True, predict=True, fit_kwargs={}, groups=None, refit=False, probability_threshold=None, experiment_custom_tags=None, verbose=False, system=False, add_to_model_list=True, metrics=None, display=<pycaret.internal.display.display.CommonDisplay object at 0x39b317cd0>, model_only=True, return_train_score=False, error_score=0.0, kwargs={})
2026-01-02 20:49:04,731:INFO:Checking exceptions
2026-01-02 20:49:04,731:INFO:Importing libraries
2026-01-02 20:49:04,731:INFO:Copying training dataset
2026-01-02 20:49:04,733:INFO:Defining folds
2026-01-02 20:49:04,733:INFO:Declaring metric variables
2026-01-02 20:49:04,734:INFO:Importing untrained model
2026-01-02 20:49:04,735:INFO:Decision Tree Classifier Imported successfully
2026-01-02 20:49:04,737:INFO:Starting cross validation
2026-01-02 20:49:04,738:INFO:Cross validating with StratifiedKFold(n_splits=5, random_state=None, shuffle=False), n_jobs=-1
2026-01-02 20:49:05,581:WARNING:/opt/homebrew/Cellar/python@3.10/3.10.18/Frameworks/Python.framework/Versions/3.10/lib/python3.10/site-packages/_distutils_hack/__init__.py:30: UserWarning: Setuptools is replacing distutils. Support for replacing an already imported distutils is deprecated. In the future, this condition will fail. Register concerns at https://github.com/pypa/setuptools/issues/new?template=distutils-deprecation.yml
  warnings.warn(

2026-01-02 20:49:05,581:WARNING:/opt/homebrew/Cellar/python@3.10/3.10.18/Frameworks/Python.framework/Versions/3.10/lib/python3.10/site-packages/_distutils_hack/__init__.py:30: UserWarning: Setuptools is replacing distutils. Support for replacing an already imported distutils is deprecated. In the future, this condition will fail. Register concerns at https://github.com/pypa/setuptools/issues/new?template=distutils-deprecation.yml
  warnings.warn(

2026-01-02 20:49:05,910:INFO:Calculating mean and std
2026-01-02 20:49:05,911:INFO:Creating metrics dataframe
2026-01-02 20:49:05,912:INFO:Uploading results into container
2026-01-02 20:49:05,912:INFO:Uploading model into container now
2026-01-02 20:49:05,912:INFO:_master_model_container: 4
2026-01-02 20:49:05,912:INFO:_display_container: 2
2026-01-02 20:49:05,912:INFO:DecisionTreeClassifier(ccp_alpha=0.0, class_weight=None, criterion='gini',
                       max_depth=None, max_features=None, max_leaf_nodes=None,
                       min_impurity_decrease=0.0, min_samples_leaf=1,
                       min_samples_split=2, min_weight_fraction_leaf=0.0,
                       monotonic_cst=None, random_state=42, splitter='best')
2026-01-02 20:49:05,912:INFO:create_model() successfully completed......................................
2026-01-02 20:49:05,977:INFO:SubProcess create_model() end ==================================
2026-01-02 20:49:05,977:INFO:Creating metrics dataframe
2026-01-02 20:49:05,980:INFO:Initializing SVM - Linear Kernel
2026-01-02 20:49:05,980:INFO:Total runtime is 0.1048272172609965 minutes
2026-01-02 20:49:05,981:INFO:SubProcess create_model() called ==================================
2026-01-02 20:49:05,981:INFO:Initializing create_model()
2026-01-02 20:49:05,981:INFO:create_model(self=<pycaret.classification.oop.ClassificationExperiment object at 0x12fe6ba60>, estimator=svm, fold=StratifiedKFold(n_splits=5, random_state=None, shuffle=False), round=4, cross_validation=True, predict=True, fit_kwargs={}, groups=None, refit=False, probability_threshold=None, experiment_custom_tags=None, verbose=False, system=False, add_to_model_list=True, metrics=None, display=<pycaret.internal.display.display.CommonDisplay object at 0x39b317cd0>, model_only=True, return_train_score=False, error_score=0.0, kwargs={})
2026-01-02 20:49:05,981:INFO:Checking exceptions
2026-01-02 20:49:05,981:INFO:Importing libraries
2026-01-02 20:49:05,981:INFO:Copying training dataset
2026-01-02 20:49:05,983:INFO:Defining folds
2026-01-02 20:49:05,983:INFO:Declaring metric variables
2026-01-02 20:49:05,984:INFO:Importing untrained model
2026-01-02 20:49:05,985:INFO:SVM - Linear Kernel Imported successfully
2026-01-02 20:49:05,987:INFO:Starting cross validation
2026-01-02 20:49:05,988:INFO:Cross validating with StratifiedKFold(n_splits=5, random_state=None, shuffle=False), n_jobs=-1
2026-01-02 20:49:06,042:INFO:Calculating mean and std
2026-01-02 20:49:06,042:INFO:Creating metrics dataframe
2026-01-02 20:49:06,043:INFO:Uploading results into container
2026-01-02 20:49:06,043:INFO:Uploading model into container now
2026-01-02 20:49:06,043:INFO:_master_model_container: 5
2026-01-02 20:49:06,044:INFO:_display_container: 2
2026-01-02 20:49:06,044:INFO:SGDClassifier(alpha=0.0001, average=False, class_weight=None,
              early_stopping=False, epsilon=0.1, eta0=0.001, fit_intercept=True,
              l1_ratio=0.15, learning_rate='optimal', loss='hinge',
              max_iter=1000, n_iter_no_change=5, n_jobs=-1, penalty='l2',
              power_t=0.5, random_state=42, shuffle=True, tol=0.001,
              validation_fraction=0.1, verbose=0, warm_start=False)
2026-01-02 20:49:06,044:INFO:create_model() successfully completed......................................
2026-01-02 20:49:06,103:INFO:SubProcess create_model() end ==================================
2026-01-02 20:49:06,103:INFO:Creating metrics dataframe
2026-01-02 20:49:06,105:INFO:Initializing Ridge Classifier
2026-01-02 20:49:06,105:INFO:Total runtime is 0.10692328612009684 minutes
2026-01-02 20:49:06,106:INFO:SubProcess create_model() called ==================================
2026-01-02 20:49:06,106:INFO:Initializing create_model()
2026-01-02 20:49:06,107:INFO:create_model(self=<pycaret.classification.oop.ClassificationExperiment object at 0x12fe6ba60>, estimator=ridge, fold=StratifiedKFold(n_splits=5, random_state=None, shuffle=False), round=4, cross_validation=True, predict=True, fit_kwargs={}, groups=None, refit=False, probability_threshold=None, experiment_custom_tags=None, verbose=False, system=False, add_to_model_list=True, metrics=None, display=<pycaret.internal.display.display.CommonDisplay object at 0x39b317cd0>, model_only=True, return_train_score=False, error_score=0.0, kwargs={})
2026-01-02 20:49:06,107:INFO:Checking exceptions
2026-01-02 20:49:06,107:INFO:Importing libraries
2026-01-02 20:49:06,107:INFO:Copying training dataset
2026-01-02 20:49:06,108:INFO:Defining folds
2026-01-02 20:49:06,108:INFO:Declaring metric variables
2026-01-02 20:49:06,109:INFO:Importing untrained model
2026-01-02 20:49:06,110:INFO:Ridge Classifier Imported successfully
2026-01-02 20:49:06,112:INFO:Starting cross validation
2026-01-02 20:49:06,113:INFO:Cross validating with StratifiedKFold(n_splits=5, random_state=None, shuffle=False), n_jobs=-1
2026-01-02 20:49:06,175:INFO:Calculating mean and std
2026-01-02 20:49:06,176:INFO:Creating metrics dataframe
2026-01-02 20:49:06,176:INFO:Uploading results into container
2026-01-02 20:49:06,176:INFO:Uploading model into container now
2026-01-02 20:49:06,177:INFO:_master_model_container: 6
2026-01-02 20:49:06,177:INFO:_display_container: 2
2026-01-02 20:49:06,177:INFO:RidgeClassifier(alpha=1.0, class_weight=None, copy_X=True, fit_intercept=True,
                max_iter=None, positive=False, random_state=42, solver='auto',
                tol=0.0001)
2026-01-02 20:49:06,177:INFO:create_model() successfully completed......................................
2026-01-02 20:49:06,235:INFO:SubProcess create_model() end ==================================
2026-01-02 20:49:06,236:INFO:Creating metrics dataframe
2026-01-02 20:49:06,238:INFO:Initializing Random Forest Classifier
2026-01-02 20:49:06,239:INFO:Total runtime is 0.10914338032404582 minutes
2026-01-02 20:49:06,240:INFO:SubProcess create_model() called ==================================
2026-01-02 20:49:06,240:INFO:Initializing create_model()
2026-01-02 20:49:06,240:INFO:create_model(self=<pycaret.classification.oop.ClassificationExperiment object at 0x12fe6ba60>, estimator=rf, fold=StratifiedKFold(n_splits=5, random_state=None, shuffle=False), round=4, cross_validation=True, predict=True, fit_kwargs={}, groups=None, refit=False, probability_threshold=None, experiment_custom_tags=None, verbose=False, system=False, add_to_model_list=True, metrics=None, display=<pycaret.internal.display.display.CommonDisplay object at 0x39b317cd0>, model_only=True, return_train_score=False, error_score=0.0, kwargs={})
2026-01-02 20:49:06,240:INFO:Checking exceptions
2026-01-02 20:49:06,240:INFO:Importing libraries
2026-01-02 20:49:06,240:INFO:Copying training dataset
2026-01-02 20:49:06,242:INFO:Defining folds
2026-01-02 20:49:06,242:INFO:Declaring metric variables
2026-01-02 20:49:06,243:INFO:Importing untrained model
2026-01-02 20:49:06,244:INFO:Random Forest Classifier Imported successfully
2026-01-02 20:49:06,246:INFO:Starting cross validation
2026-01-02 20:49:06,246:INFO:Cross validating with StratifiedKFold(n_splits=5, random_state=None, shuffle=False), n_jobs=-1
2026-01-02 20:49:07,107:WARNING:/opt/homebrew/Cellar/python@3.10/3.10.18/Frameworks/Python.framework/Versions/3.10/lib/python3.10/site-packages/_distutils_hack/__init__.py:30: UserWarning: Setuptools is replacing distutils. Support for replacing an already imported distutils is deprecated. In the future, this condition will fail. Register concerns at https://github.com/pypa/setuptools/issues/new?template=distutils-deprecation.yml
  warnings.warn(

2026-01-02 20:49:07,513:INFO:Calculating mean and std
2026-01-02 20:49:07,513:INFO:Creating metrics dataframe
2026-01-02 20:49:07,514:INFO:Uploading results into container
2026-01-02 20:49:07,514:INFO:Uploading model into container now
2026-01-02 20:49:07,515:INFO:_master_model_container: 7
2026-01-02 20:49:07,515:INFO:_display_container: 2
2026-01-02 20:49:07,515:INFO:RandomForestClassifier(bootstrap=True, ccp_alpha=0.0, class_weight=None,
                       criterion='gini', max_depth=None, max_features='sqrt',
                       max_leaf_nodes=None, max_samples=None,
                       min_impurity_decrease=0.0, min_samples_leaf=1,
                       min_samples_split=2, min_weight_fraction_leaf=0.0,
                       monotonic_cst=None, n_estimators=100, n_jobs=-1,
                       oob_score=False, random_state=42, verbose=0,
                       warm_start=False)
2026-01-02 20:49:07,515:INFO:create_model() successfully completed......................................
2026-01-02 20:49:07,574:INFO:SubProcess create_model() end ==================================
2026-01-02 20:49:07,575:INFO:Creating metrics dataframe
2026-01-02 20:49:07,578:INFO:Initializing Quadratic Discriminant Analysis
2026-01-02 20:49:07,578:INFO:Total runtime is 0.13146498203277587 minutes
2026-01-02 20:49:07,579:INFO:SubProcess create_model() called ==================================
2026-01-02 20:49:07,579:INFO:Initializing create_model()
2026-01-02 20:49:07,579:INFO:create_model(self=<pycaret.classification.oop.ClassificationExperiment object at 0x12fe6ba60>, estimator=qda, fold=StratifiedKFold(n_splits=5, random_state=None, shuffle=False), round=4, cross_validation=True, predict=True, fit_kwargs={}, groups=None, refit=False, probability_threshold=None, experiment_custom_tags=None, verbose=False, system=False, add_to_model_list=True, metrics=None, display=<pycaret.internal.display.display.CommonDisplay object at 0x39b317cd0>, model_only=True, return_train_score=False, error_score=0.0, kwargs={})
2026-01-02 20:49:07,579:INFO:Checking exceptions
2026-01-02 20:49:07,579:INFO:Importing libraries
2026-01-02 20:49:07,579:INFO:Copying training dataset
2026-01-02 20:49:07,581:INFO:Defining folds
2026-01-02 20:49:07,581:INFO:Declaring metric variables
2026-01-02 20:49:07,582:INFO:Importing untrained model
2026-01-02 20:49:07,583:INFO:Quadratic Discriminant Analysis Imported successfully
2026-01-02 20:49:07,585:INFO:Starting cross validation
2026-01-02 20:49:07,586:INFO:Cross validating with StratifiedKFold(n_splits=5, random_state=None, shuffle=False), n_jobs=-1
2026-01-02 20:49:07,619:WARNING:/opt/homebrew/lib/python3.10/site-packages/sklearn/discriminant_analysis.py:935: UserWarning: Variables are collinear
  warnings.warn("Variables are collinear")

2026-01-02 20:49:07,619:WARNING:/opt/homebrew/lib/python3.10/site-packages/sklearn/discriminant_analysis.py:935: UserWarning: Variables are collinear
  warnings.warn("Variables are collinear")

2026-01-02 20:49:07,627:WARNING:/opt/homebrew/lib/python3.10/site-packages/sklearn/discriminant_analysis.py:935: UserWarning: Variables are collinear
  warnings.warn("Variables are collinear")

2026-01-02 20:49:07,629:WARNING:/opt/homebrew/lib/python3.10/site-packages/sklearn/discriminant_analysis.py:935: UserWarning: Variables are collinear
  warnings.warn("Variables are collinear")

2026-01-02 20:49:07,633:WARNING:/opt/homebrew/lib/python3.10/site-packages/sklearn/discriminant_analysis.py:935: UserWarning: Variables are collinear
  warnings.warn("Variables are collinear")

2026-01-02 20:49:07,636:WARNING:/opt/homebrew/lib/python3.10/site-packages/sklearn/discriminant_analysis.py:960: RuntimeWarning: divide by zero encountered in power
  X2 = np.dot(Xm, R * (S ** (-0.5)))

2026-01-02 20:49:07,636:WARNING:/opt/homebrew/lib/python3.10/site-packages/sklearn/discriminant_analysis.py:960: RuntimeWarning: invalid value encountered in multiply
  X2 = np.dot(Xm, R * (S ** (-0.5)))

2026-01-02 20:49:07,636:WARNING:/opt/homebrew/lib/python3.10/site-packages/sklearn/discriminant_analysis.py:963: RuntimeWarning: divide by zero encountered in log
  u = np.asarray([np.sum(np.log(s)) for s in self.scalings_])

2026-01-02 20:49:07,637:WARNING:/opt/homebrew/lib/python3.10/site-packages/sklearn/discriminant_analysis.py:960: RuntimeWarning: divide by zero encountered in power
  X2 = np.dot(Xm, R * (S ** (-0.5)))

2026-01-02 20:49:07,637:WARNING:/opt/homebrew/lib/python3.10/site-packages/sklearn/discriminant_analysis.py:960: RuntimeWarning: invalid value encountered in multiply
  X2 = np.dot(Xm, R * (S ** (-0.5)))

2026-01-02 20:49:07,637:WARNING:/opt/homebrew/lib/python3.10/site-packages/sklearn/discriminant_analysis.py:963: RuntimeWarning: divide by zero encountered in log
  u = np.asarray([np.sum(np.log(s)) for s in self.scalings_])

2026-01-02 20:49:07,639:WARNING:/opt/homebrew/lib/python3.10/site-packages/pycaret/internal/metrics.py:204: FitFailedWarning: Metric 'make_scorer(roc_auc_score, response_method=('decision_function', 'predict_proba'), average=weighted, multi_class=ovr)' failed and error score 0.0 has been returned instead. If this is a custom metric, this usually means that the error is in the metric code. Full exception below:
Traceback (most recent call last):
  File "/opt/homebrew/lib/python3.10/site-packages/pycaret/internal/metrics.py", line 196, in _score
    return super()._score(
  File "/opt/homebrew/lib/python3.10/site-packages/sklearn/metrics/_scorer.py", line 350, in _score
    return self._sign * self._score_func(y_true, y_pred, **scoring_kwargs)
  File "/opt/homebrew/lib/python3.10/site-packages/pycaret/internal/metrics.py", line 144, in __call__
    return self.score_func(y_true, y_pred, **kwargs)
  File "/opt/homebrew/lib/python3.10/site-packages/sklearn/utils/_param_validation.py", line 213, in wrapper
    return func(*args, **kwargs)
  File "/opt/homebrew/lib/python3.10/site-packages/sklearn/metrics/_ranking.py", line 619, in roc_auc_score
    y_score = check_array(y_score, ensure_2d=False)
  File "/opt/homebrew/lib/python3.10/site-packages/sklearn/utils/validation.py", line 1049, in check_array
    _assert_all_finite(
  File "/opt/homebrew/lib/python3.10/site-packages/sklearn/utils/validation.py", line 126, in _assert_all_finite
    _assert_all_finite_element_wise(
  File "/opt/homebrew/lib/python3.10/site-packages/sklearn/utils/validation.py", line 175, in _assert_all_finite_element_wise
    raise ValueError(msg_err)
ValueError: Input contains NaN.

  warnings.warn(

2026-01-02 20:49:07,650:INFO:Calculating mean and std
2026-01-02 20:49:07,651:INFO:Creating metrics dataframe
2026-01-02 20:49:07,651:INFO:Uploading results into container
2026-01-02 20:49:07,651:INFO:Uploading model into container now
2026-01-02 20:49:07,652:INFO:_master_model_container: 8
2026-01-02 20:49:07,652:INFO:_display_container: 2
2026-01-02 20:49:07,652:INFO:QuadraticDiscriminantAnalysis(priors=None, reg_param=0.0,
                              store_covariance=False, tol=0.0001)
2026-01-02 20:49:07,652:INFO:create_model() successfully completed......................................
2026-01-02 20:49:07,711:INFO:SubProcess create_model() end ==================================
2026-01-02 20:49:07,711:INFO:Creating metrics dataframe
2026-01-02 20:49:07,714:INFO:Initializing Ada Boost Classifier
2026-01-02 20:49:07,714:INFO:Total runtime is 0.13373031616210937 minutes
2026-01-02 20:49:07,715:INFO:SubProcess create_model() called ==================================
2026-01-02 20:49:07,715:INFO:Initializing create_model()
2026-01-02 20:49:07,715:INFO:create_model(self=<pycaret.classification.oop.ClassificationExperiment object at 0x12fe6ba60>, estimator=ada, fold=StratifiedKFold(n_splits=5, random_state=None, shuffle=False), round=4, cross_validation=True, predict=True, fit_kwargs={}, groups=None, refit=False, probability_threshold=None, experiment_custom_tags=None, verbose=False, system=False, add_to_model_list=True, metrics=None, display=<pycaret.internal.display.display.CommonDisplay object at 0x39b317cd0>, model_only=True, return_train_score=False, error_score=0.0, kwargs={})
2026-01-02 20:49:07,715:INFO:Checking exceptions
2026-01-02 20:49:07,715:INFO:Importing libraries
2026-01-02 20:49:07,715:INFO:Copying training dataset
2026-01-02 20:49:07,717:INFO:Defining folds
2026-01-02 20:49:07,717:INFO:Declaring metric variables
2026-01-02 20:49:07,718:INFO:Importing untrained model
2026-01-02 20:49:07,718:INFO:Ada Boost Classifier Imported successfully
2026-01-02 20:49:07,721:INFO:Starting cross validation
2026-01-02 20:49:07,721:INFO:Cross validating with StratifiedKFold(n_splits=5, random_state=None, shuffle=False), n_jobs=-1
2026-01-02 20:49:07,754:WARNING:/opt/homebrew/lib/python3.10/site-packages/sklearn/ensemble/_weight_boosting.py:519: FutureWarning: The SAMME.R algorithm (the default) is deprecated and will be removed in 1.6. Use the SAMME algorithm to circumvent this warning.
  warnings.warn(

2026-01-02 20:49:07,757:WARNING:/opt/homebrew/lib/python3.10/site-packages/sklearn/ensemble/_weight_boosting.py:519: FutureWarning: The SAMME.R algorithm (the default) is deprecated and will be removed in 1.6. Use the SAMME algorithm to circumvent this warning.
  warnings.warn(

2026-01-02 20:49:07,762:WARNING:/opt/homebrew/lib/python3.10/site-packages/sklearn/ensemble/_weight_boosting.py:519: FutureWarning: The SAMME.R algorithm (the default) is deprecated and will be removed in 1.6. Use the SAMME algorithm to circumvent this warning.
  warnings.warn(

2026-01-02 20:49:07,764:WARNING:/opt/homebrew/lib/python3.10/site-packages/sklearn/ensemble/_weight_boosting.py:519: FutureWarning: The SAMME.R algorithm (the default) is deprecated and will be removed in 1.6. Use the SAMME algorithm to circumvent this warning.
  warnings.warn(

2026-01-02 20:49:08,551:WARNING:/opt/homebrew/Cellar/python@3.10/3.10.18/Frameworks/Python.framework/Versions/3.10/lib/python3.10/site-packages/_distutils_hack/__init__.py:30: UserWarning: Setuptools is replacing distutils. Support for replacing an already imported distutils is deprecated. In the future, this condition will fail. Register concerns at https://github.com/pypa/setuptools/issues/new?template=distutils-deprecation.yml
  warnings.warn(

2026-01-02 20:49:08,837:WARNING:/opt/homebrew/lib/python3.10/site-packages/sklearn/ensemble/_weight_boosting.py:519: FutureWarning: The SAMME.R algorithm (the default) is deprecated and will be removed in 1.6. Use the SAMME algorithm to circumvent this warning.
  warnings.warn(

2026-01-02 20:49:08,928:INFO:Calculating mean and std
2026-01-02 20:49:08,928:INFO:Creating metrics dataframe
2026-01-02 20:49:08,929:INFO:Uploading results into container
2026-01-02 20:49:08,930:INFO:Uploading model into container now
2026-01-02 20:49:08,930:INFO:_master_model_container: 9
2026-01-02 20:49:08,930:INFO:_display_container: 2
2026-01-02 20:49:08,930:INFO:AdaBoostClassifier(algorithm='SAMME.R', estimator=None, learning_rate=1.0,
                   n_estimators=50, random_state=42)
2026-01-02 20:49:08,930:INFO:create_model() successfully completed......................................
2026-01-02 20:49:08,989:INFO:SubProcess create_model() end ==================================
2026-01-02 20:49:08,989:INFO:Creating metrics dataframe
2026-01-02 20:49:08,993:INFO:Initializing Gradient Boosting Classifier
2026-01-02 20:49:08,993:INFO:Total runtime is 0.15504448413848876 minutes
2026-01-02 20:49:08,994:INFO:SubProcess create_model() called ==================================
2026-01-02 20:49:08,994:INFO:Initializing create_model()
2026-01-02 20:49:08,994:INFO:create_model(self=<pycaret.classification.oop.ClassificationExperiment object at 0x12fe6ba60>, estimator=gbc, fold=StratifiedKFold(n_splits=5, random_state=None, shuffle=False), round=4, cross_validation=True, predict=True, fit_kwargs={}, groups=None, refit=False, probability_threshold=None, experiment_custom_tags=None, verbose=False, system=False, add_to_model_list=True, metrics=None, display=<pycaret.internal.display.display.CommonDisplay object at 0x39b317cd0>, model_only=True, return_train_score=False, error_score=0.0, kwargs={})
2026-01-02 20:49:08,994:INFO:Checking exceptions
2026-01-02 20:49:08,994:INFO:Importing libraries
2026-01-02 20:49:08,994:INFO:Copying training dataset
2026-01-02 20:49:08,996:INFO:Defining folds
2026-01-02 20:49:08,996:INFO:Declaring metric variables
2026-01-02 20:49:08,997:INFO:Importing untrained model
2026-01-02 20:49:08,998:INFO:Gradient Boosting Classifier Imported successfully
2026-01-02 20:49:09,000:INFO:Starting cross validation
2026-01-02 20:49:09,000:INFO:Cross validating with StratifiedKFold(n_splits=5, random_state=None, shuffle=False), n_jobs=-1
2026-01-02 20:49:09,290:INFO:Calculating mean and std
2026-01-02 20:49:09,290:INFO:Creating metrics dataframe
2026-01-02 20:49:09,291:INFO:Uploading results into container
2026-01-02 20:49:09,291:INFO:Uploading model into container now
2026-01-02 20:49:09,291:INFO:_master_model_container: 10
2026-01-02 20:49:09,291:INFO:_display_container: 2
2026-01-02 20:49:09,292:INFO:GradientBoostingClassifier(ccp_alpha=0.0, criterion='friedman_mse', init=None,
                           learning_rate=0.1, loss='log_loss', max_depth=3,
                           max_features=None, max_leaf_nodes=None,
                           min_impurity_decrease=0.0, min_samples_leaf=1,
                           min_samples_split=2, min_weight_fraction_leaf=0.0,
                           n_estimators=100, n_iter_no_change=None,
                           random_state=42, subsample=1.0, tol=0.0001,
                           validation_fraction=0.1, verbose=0,
                           warm_start=False)
2026-01-02 20:49:09,292:INFO:create_model() successfully completed......................................
2026-01-02 20:49:09,351:INFO:SubProcess create_model() end ==================================
2026-01-02 20:49:09,351:INFO:Creating metrics dataframe
2026-01-02 20:49:09,354:INFO:Initializing Linear Discriminant Analysis
2026-01-02 20:49:09,354:INFO:Total runtime is 0.16107170184453326 minutes
2026-01-02 20:49:09,355:INFO:SubProcess create_model() called ==================================
2026-01-02 20:49:09,355:INFO:Initializing create_model()
2026-01-02 20:49:09,356:INFO:create_model(self=<pycaret.classification.oop.ClassificationExperiment object at 0x12fe6ba60>, estimator=lda, fold=StratifiedKFold(n_splits=5, random_state=None, shuffle=False), round=4, cross_validation=True, predict=True, fit_kwargs={}, groups=None, refit=False, probability_threshold=None, experiment_custom_tags=None, verbose=False, system=False, add_to_model_list=True, metrics=None, display=<pycaret.internal.display.display.CommonDisplay object at 0x39b317cd0>, model_only=True, return_train_score=False, error_score=0.0, kwargs={})
2026-01-02 20:49:09,356:INFO:Checking exceptions
2026-01-02 20:49:09,356:INFO:Importing libraries
2026-01-02 20:49:09,356:INFO:Copying training dataset
2026-01-02 20:49:09,357:INFO:Defining folds
2026-01-02 20:49:09,357:INFO:Declaring metric variables
2026-01-02 20:49:09,358:INFO:Importing untrained model
2026-01-02 20:49:09,359:INFO:Linear Discriminant Analysis Imported successfully
2026-01-02 20:49:09,361:INFO:Starting cross validation
2026-01-02 20:49:09,362:INFO:Cross validating with StratifiedKFold(n_splits=5, random_state=None, shuffle=False), n_jobs=-1
2026-01-02 20:49:09,416:INFO:Calculating mean and std
2026-01-02 20:49:09,417:INFO:Creating metrics dataframe
2026-01-02 20:49:09,417:INFO:Uploading results into container
2026-01-02 20:49:09,417:INFO:Uploading model into container now
2026-01-02 20:49:09,418:INFO:_master_model_container: 11
2026-01-02 20:49:09,418:INFO:_display_container: 2
2026-01-02 20:49:09,418:INFO:LinearDiscriminantAnalysis(covariance_estimator=None, n_components=None,
                           priors=None, shrinkage=None, solver='svd',
                           store_covariance=False, tol=0.0001)
2026-01-02 20:49:09,418:INFO:create_model() successfully completed......................................
2026-01-02 20:49:09,477:INFO:SubProcess create_model() end ==================================
2026-01-02 20:49:09,477:INFO:Creating metrics dataframe
2026-01-02 20:49:09,480:INFO:Initializing Extra Trees Classifier
2026-01-02 20:49:09,481:INFO:Total runtime is 0.1631760517756144 minutes
2026-01-02 20:49:09,482:INFO:SubProcess create_model() called ==================================
2026-01-02 20:49:09,482:INFO:Initializing create_model()
2026-01-02 20:49:09,482:INFO:create_model(self=<pycaret.classification.oop.ClassificationExperiment object at 0x12fe6ba60>, estimator=et, fold=StratifiedKFold(n_splits=5, random_state=None, shuffle=False), round=4, cross_validation=True, predict=True, fit_kwargs={}, groups=None, refit=False, probability_threshold=None, experiment_custom_tags=None, verbose=False, system=False, add_to_model_list=True, metrics=None, display=<pycaret.internal.display.display.CommonDisplay object at 0x39b317cd0>, model_only=True, return_train_score=False, error_score=0.0, kwargs={})
2026-01-02 20:49:09,482:INFO:Checking exceptions
2026-01-02 20:49:09,482:INFO:Importing libraries
2026-01-02 20:49:09,482:INFO:Copying training dataset
2026-01-02 20:49:09,483:INFO:Defining folds
2026-01-02 20:49:09,483:INFO:Declaring metric variables
2026-01-02 20:49:09,484:INFO:Importing untrained model
2026-01-02 20:49:09,485:INFO:Extra Trees Classifier Imported successfully
2026-01-02 20:49:09,487:INFO:Starting cross validation
2026-01-02 20:49:09,488:INFO:Cross validating with StratifiedKFold(n_splits=5, random_state=None, shuffle=False), n_jobs=-1
2026-01-02 20:49:09,678:INFO:Calculating mean and std
2026-01-02 20:49:09,679:INFO:Creating metrics dataframe
2026-01-02 20:49:09,680:INFO:Uploading results into container
2026-01-02 20:49:09,680:INFO:Uploading model into container now
2026-01-02 20:49:09,680:INFO:_master_model_container: 12
2026-01-02 20:49:09,680:INFO:_display_container: 2
2026-01-02 20:49:09,680:INFO:ExtraTreesClassifier(bootstrap=False, ccp_alpha=0.0, class_weight=None,
                     criterion='gini', max_depth=None, max_features='sqrt',
                     max_leaf_nodes=None, max_samples=None,
                     min_impurity_decrease=0.0, min_samples_leaf=1,
                     min_samples_split=2, min_weight_fraction_leaf=0.0,
                     monotonic_cst=None, n_estimators=100, n_jobs=-1,
                     oob_score=False, random_state=42, verbose=0,
                     warm_start=False)
2026-01-02 20:49:09,680:INFO:create_model() successfully completed......................................
2026-01-02 20:49:09,741:INFO:SubProcess create_model() end ==================================
2026-01-02 20:49:09,741:INFO:Creating metrics dataframe
2026-01-02 20:49:09,744:INFO:Initializing Extreme Gradient Boosting
2026-01-02 20:49:09,744:INFO:Total runtime is 0.1675678491592407 minutes
2026-01-02 20:49:09,745:INFO:SubProcess create_model() called ==================================
2026-01-02 20:49:09,745:INFO:Initializing create_model()
2026-01-02 20:49:09,745:INFO:create_model(self=<pycaret.classification.oop.ClassificationExperiment object at 0x12fe6ba60>, estimator=xgboost, fold=StratifiedKFold(n_splits=5, random_state=None, shuffle=False), round=4, cross_validation=True, predict=True, fit_kwargs={}, groups=None, refit=False, probability_threshold=None, experiment_custom_tags=None, verbose=False, system=False, add_to_model_list=True, metrics=None, display=<pycaret.internal.display.display.CommonDisplay object at 0x39b317cd0>, model_only=True, return_train_score=False, error_score=0.0, kwargs={})
2026-01-02 20:49:09,745:INFO:Checking exceptions
2026-01-02 20:49:09,745:INFO:Importing libraries
2026-01-02 20:49:09,745:INFO:Copying training dataset
2026-01-02 20:49:09,747:INFO:Defining folds
2026-01-02 20:49:09,747:INFO:Declaring metric variables
2026-01-02 20:49:09,748:INFO:Importing untrained model
2026-01-02 20:49:09,749:INFO:Extreme Gradient Boosting Imported successfully
2026-01-02 20:49:09,751:INFO:Starting cross validation
2026-01-02 20:49:09,752:INFO:Cross validating with StratifiedKFold(n_splits=5, random_state=None, shuffle=False), n_jobs=-1
2026-01-02 20:49:09,844:INFO:Calculating mean and std
2026-01-02 20:49:09,844:INFO:Creating metrics dataframe
2026-01-02 20:49:09,845:INFO:Uploading results into container
2026-01-02 20:49:09,845:INFO:Uploading model into container now
2026-01-02 20:49:09,846:INFO:_master_model_container: 13
2026-01-02 20:49:09,846:INFO:_display_container: 2
2026-01-02 20:49:09,846:INFO:XGBClassifier(base_score=None, booster='gbtree', callbacks=None,
              colsample_bylevel=None, colsample_bynode=None,
              colsample_bytree=None, device='cpu', early_stopping_rounds=None,
              enable_categorical=False, eval_metric=None, feature_types=None,
              feature_weights=None, gamma=None, grow_policy=None,
              importance_type=None, interaction_constraints=None,
              learning_rate=None, max_bin=None, max_cat_threshold=None,
              max_cat_to_onehot=None, max_delta_step=None, max_depth=None,
              max_leaves=None, min_child_weight=None, missing=nan,
              monotone_constraints=None, multi_strategy=None, n_estimators=None,
              n_jobs=-1, num_parallel_tree=None, ...)
2026-01-02 20:49:09,846:INFO:create_model() successfully completed......................................
2026-01-02 20:49:09,906:INFO:SubProcess create_model() end ==================================
2026-01-02 20:49:09,906:INFO:Creating metrics dataframe
2026-01-02 20:49:09,909:INFO:Initializing Light Gradient Boosting Machine
2026-01-02 20:49:09,910:INFO:Total runtime is 0.17032656669616697 minutes
2026-01-02 20:49:09,911:INFO:SubProcess create_model() called ==================================
2026-01-02 20:49:09,911:INFO:Initializing create_model()
2026-01-02 20:49:09,911:INFO:create_model(self=<pycaret.classification.oop.ClassificationExperiment object at 0x12fe6ba60>, estimator=lightgbm, fold=StratifiedKFold(n_splits=5, random_state=None, shuffle=False), round=4, cross_validation=True, predict=True, fit_kwargs={}, groups=None, refit=False, probability_threshold=None, experiment_custom_tags=None, verbose=False, system=False, add_to_model_list=True, metrics=None, display=<pycaret.internal.display.display.CommonDisplay object at 0x39b317cd0>, model_only=True, return_train_score=False, error_score=0.0, kwargs={})
2026-01-02 20:49:09,911:INFO:Checking exceptions
2026-01-02 20:49:09,911:INFO:Importing libraries
2026-01-02 20:49:09,911:INFO:Copying training dataset
2026-01-02 20:49:09,913:INFO:Defining folds
2026-01-02 20:49:09,913:INFO:Declaring metric variables
2026-01-02 20:49:09,914:INFO:Importing untrained model
2026-01-02 20:49:09,915:INFO:Light Gradient Boosting Machine Imported successfully
2026-01-02 20:49:09,916:INFO:Starting cross validation
2026-01-02 20:49:09,917:INFO:Cross validating with StratifiedKFold(n_splits=5, random_state=None, shuffle=False), n_jobs=-1
2026-01-02 20:49:12,237:INFO:Calculating mean and std
2026-01-02 20:49:12,237:INFO:Creating metrics dataframe
2026-01-02 20:49:12,238:INFO:Uploading results into container
2026-01-02 20:49:12,238:INFO:Uploading model into container now
2026-01-02 20:49:12,238:INFO:_master_model_container: 14
2026-01-02 20:49:12,239:INFO:_display_container: 2
2026-01-02 20:49:12,239:INFO:LGBMClassifier(boosting_type='gbdt', class_weight=None, colsample_bytree=1.0,
               importance_type='split', learning_rate=0.1, max_depth=-1,
               min_child_samples=20, min_child_weight=0.001, min_split_gain=0.0,
               n_estimators=100, n_jobs=-1, num_leaves=31, objective=None,
               random_state=42, reg_alpha=0.0, reg_lambda=0.0, subsample=1.0,
               subsample_for_bin=200000, subsample_freq=0)
2026-01-02 20:49:12,239:INFO:create_model() successfully completed......................................
2026-01-02 20:49:12,298:INFO:SubProcess create_model() end ==================================
2026-01-02 20:49:12,298:INFO:Creating metrics dataframe
2026-01-02 20:49:12,302:INFO:Initializing CatBoost Classifier
2026-01-02 20:49:12,302:INFO:Total runtime is 0.21019469896952309 minutes
2026-01-02 20:49:12,303:INFO:SubProcess create_model() called ==================================
2026-01-02 20:49:12,303:INFO:Initializing create_model()
2026-01-02 20:49:12,303:INFO:create_model(self=<pycaret.classification.oop.ClassificationExperiment object at 0x12fe6ba60>, estimator=catboost, fold=StratifiedKFold(n_splits=5, random_state=None, shuffle=False), round=4, cross_validation=True, predict=True, fit_kwargs={}, groups=None, refit=False, probability_threshold=None, experiment_custom_tags=None, verbose=False, system=False, add_to_model_list=True, metrics=None, display=<pycaret.internal.display.display.CommonDisplay object at 0x39b317cd0>, model_only=True, return_train_score=False, error_score=0.0, kwargs={})
2026-01-02 20:49:12,303:INFO:Checking exceptions
2026-01-02 20:49:12,303:INFO:Importing libraries
2026-01-02 20:49:12,303:INFO:Copying training dataset
2026-01-02 20:49:12,305:INFO:Defining folds
2026-01-02 20:49:12,305:INFO:Declaring metric variables
2026-01-02 20:49:12,305:INFO:Importing untrained model
2026-01-02 20:49:12,306:INFO:CatBoost Classifier Imported successfully
2026-01-02 20:49:12,308:INFO:Starting cross validation
2026-01-02 20:49:12,309:INFO:Cross validating with StratifiedKFold(n_splits=5, random_state=None, shuffle=False), n_jobs=-1
2026-01-02 20:49:14,140:INFO:Calculating mean and std
2026-01-02 20:49:14,141:INFO:Creating metrics dataframe
2026-01-02 20:49:14,142:INFO:Uploading results into container
2026-01-02 20:49:14,142:INFO:Uploading model into container now
2026-01-02 20:49:14,142:INFO:_master_model_container: 15
2026-01-02 20:49:14,142:INFO:_display_container: 2
2026-01-02 20:49:14,142:INFO:<catboost.core.CatBoostClassifier object at 0x39a507a60>
2026-01-02 20:49:14,142:INFO:create_model() successfully completed......................................
2026-01-02 20:49:14,201:INFO:SubProcess create_model() end ==================================
2026-01-02 20:49:14,201:INFO:Creating metrics dataframe
2026-01-02 20:49:14,205:INFO:Initializing Dummy Classifier
2026-01-02 20:49:14,205:INFO:Total runtime is 0.24191118478775023 minutes
2026-01-02 20:49:14,206:INFO:SubProcess create_model() called ==================================
2026-01-02 20:49:14,206:INFO:Initializing create_model()
2026-01-02 20:49:14,206:INFO:create_model(self=<pycaret.classification.oop.ClassificationExperiment object at 0x12fe6ba60>, estimator=dummy, fold=StratifiedKFold(n_splits=5, random_state=None, shuffle=False), round=4, cross_validation=True, predict=True, fit_kwargs={}, groups=None, refit=False, probability_threshold=None, experiment_custom_tags=None, verbose=False, system=False, add_to_model_list=True, metrics=None, display=<pycaret.internal.display.display.CommonDisplay object at 0x39b317cd0>, model_only=True, return_train_score=False, error_score=0.0, kwargs={})
2026-01-02 20:49:14,206:INFO:Checking exceptions
2026-01-02 20:49:14,206:INFO:Importing libraries
2026-01-02 20:49:14,206:INFO:Copying training dataset
2026-01-02 20:49:14,208:INFO:Defining folds
2026-01-02 20:49:14,208:INFO:Declaring metric variables
2026-01-02 20:49:14,209:INFO:Importing untrained model
2026-01-02 20:49:14,210:INFO:Dummy Classifier Imported successfully
2026-01-02 20:49:14,212:INFO:Starting cross validation
2026-01-02 20:49:14,213:INFO:Cross validating with StratifiedKFold(n_splits=5, random_state=None, shuffle=False), n_jobs=-1
2026-01-02 20:49:14,253:WARNING:/opt/homebrew/lib/python3.10/site-packages/sklearn/metrics/_classification.py:1509: UndefinedMetricWarning: Precision is ill-defined and being set to 0.0 due to no predicted samples. Use `zero_division` parameter to control this behavior.
  _warn_prf(average, modifier, f"{metric.capitalize()} is", len(result))

2026-01-02 20:49:14,255:WARNING:/opt/homebrew/lib/python3.10/site-packages/sklearn/metrics/_classification.py:1509: UndefinedMetricWarning: Precision is ill-defined and being set to 0.0 due to no predicted samples. Use `zero_division` parameter to control this behavior.
  _warn_prf(average, modifier, f"{metric.capitalize()} is", len(result))

2026-01-02 20:49:14,255:WARNING:/opt/homebrew/lib/python3.10/site-packages/sklearn/metrics/_classification.py:1509: UndefinedMetricWarning: Precision is ill-defined and being set to 0.0 due to no predicted samples. Use `zero_division` parameter to control this behavior.
  _warn_prf(average, modifier, f"{metric.capitalize()} is", len(result))

2026-01-02 20:49:14,260:WARNING:/opt/homebrew/lib/python3.10/site-packages/sklearn/metrics/_classification.py:1509: UndefinedMetricWarning: Precision is ill-defined and being set to 0.0 due to no predicted samples. Use `zero_division` parameter to control this behavior.
  _warn_prf(average, modifier, f"{metric.capitalize()} is", len(result))

2026-01-02 20:49:14,262:WARNING:/opt/homebrew/lib/python3.10/site-packages/sklearn/metrics/_classification.py:1509: UndefinedMetricWarning: Precision is ill-defined and being set to 0.0 due to no predicted samples. Use `zero_division` parameter to control this behavior.
  _warn_prf(average, modifier, f"{metric.capitalize()} is", len(result))

2026-01-02 20:49:14,265:INFO:Calculating mean and std
2026-01-02 20:49:14,266:INFO:Creating metrics dataframe
2026-01-02 20:49:14,266:INFO:Uploading results into container
2026-01-02 20:49:14,266:INFO:Uploading model into container now
2026-01-02 20:49:14,267:INFO:_master_model_container: 16
2026-01-02 20:49:14,267:INFO:_display_container: 2
2026-01-02 20:49:14,267:INFO:DummyClassifier(constant=None, random_state=42, strategy='prior')
2026-01-02 20:49:14,267:INFO:create_model() successfully completed......................................
2026-01-02 20:49:14,325:INFO:SubProcess create_model() end ==================================
2026-01-02 20:49:14,325:INFO:Creating metrics dataframe
2026-01-02 20:49:14,329:WARNING:/opt/homebrew/lib/python3.10/site-packages/pycaret/internal/pycaret_experiment/supervised_experiment.py:323: FutureWarning: Styler.applymap has been deprecated. Use Styler.map instead.

2026-01-02 20:49:14,332:INFO:Initializing create_model()
2026-01-02 20:49:14,332:INFO:create_model(self=<pycaret.classification.oop.ClassificationExperiment object at 0x12fe6ba60>, estimator=GradientBoostingClassifier(ccp_alpha=0.0, criterion='friedman_mse', init=None,
                           learning_rate=0.1, loss='log_loss', max_depth=3,
                           max_features=None, max_leaf_nodes=None,
                           min_impurity_decrease=0.0, min_samples_leaf=1,
                           min_samples_split=2, min_weight_fraction_leaf=0.0,
                           n_estimators=100, n_iter_no_change=None,
                           random_state=42, subsample=1.0, tol=0.0001,
                           validation_fraction=0.1, verbose=0,
                           warm_start=False), fold=StratifiedKFold(n_splits=5, random_state=None, shuffle=False), round=4, cross_validation=False, predict=False, fit_kwargs={}, groups=None, refit=True, probability_threshold=None, experiment_custom_tags=None, verbose=False, system=False, add_to_model_list=True, metrics=None, display=None, model_only=True, return_train_score=False, error_score=0.0, kwargs={})
2026-01-02 20:49:14,332:INFO:Checking exceptions
2026-01-02 20:49:14,333:INFO:Importing libraries
2026-01-02 20:49:14,333:INFO:Copying training dataset
2026-01-02 20:49:14,335:INFO:Defining folds
2026-01-02 20:49:14,335:INFO:Declaring metric variables
2026-01-02 20:49:14,335:INFO:Importing untrained model
2026-01-02 20:49:14,335:INFO:Declaring custom model
2026-01-02 20:49:14,335:INFO:Gradient Boosting Classifier Imported successfully
2026-01-02 20:49:14,336:INFO:Cross validation set to False
2026-01-02 20:49:14,336:INFO:Fitting Model
2026-01-02 20:49:14,594:INFO:GradientBoostingClassifier(ccp_alpha=0.0, criterion='friedman_mse', init=None,
                           learning_rate=0.1, loss='log_loss', max_depth=3,
                           max_features=None, max_leaf_nodes=None,
                           min_impurity_decrease=0.0, min_samples_leaf=1,
                           min_samples_split=2, min_weight_fraction_leaf=0.0,
                           n_estimators=100, n_iter_no_change=None,
                           random_state=42, subsample=1.0, tol=0.0001,
                           validation_fraction=0.1, verbose=0,
                           warm_start=False)
2026-01-02 20:49:14,594:INFO:create_model() successfully completed......................................
2026-01-02 20:49:14,654:INFO:Initializing create_model()
2026-01-02 20:49:14,654:INFO:create_model(self=<pycaret.classification.oop.ClassificationExperiment object at 0x12fe6ba60>, estimator=<catboost.core.CatBoostClassifier object at 0x39a507a60>, fold=StratifiedKFold(n_splits=5, random_state=None, shuffle=False), round=4, cross_validation=False, predict=False, fit_kwargs={}, groups=None, refit=True, probability_threshold=None, experiment_custom_tags=None, verbose=False, system=False, add_to_model_list=True, metrics=None, display=None, model_only=True, return_train_score=False, error_score=0.0, kwargs={})
2026-01-02 20:49:14,654:INFO:Checking exceptions
2026-01-02 20:49:14,655:INFO:Importing libraries
2026-01-02 20:49:14,655:INFO:Copying training dataset
2026-01-02 20:49:14,656:INFO:Defining folds
2026-01-02 20:49:14,656:INFO:Declaring metric variables
2026-01-02 20:49:14,656:INFO:Importing untrained model
2026-01-02 20:49:14,656:INFO:Declaring custom model
2026-01-02 20:49:14,656:INFO:CatBoost Classifier Imported successfully
2026-01-02 20:49:14,657:INFO:Cross validation set to False
2026-01-02 20:49:14,657:INFO:Fitting Model
2026-01-02 20:49:16,034:INFO:<catboost.core.CatBoostClassifier object at 0x397585bd0>
2026-01-02 20:49:16,034:INFO:create_model() successfully completed......................................
2026-01-02 20:49:16,094:INFO:Initializing create_model()
2026-01-02 20:49:16,094:INFO:create_model(self=<pycaret.classification.oop.ClassificationExperiment object at 0x12fe6ba60>, estimator=LinearDiscriminantAnalysis(covariance_estimator=None, n_components=None,
                           priors=None, shrinkage=None, solver='svd',
                           store_covariance=False, tol=0.0001), fold=StratifiedKFold(n_splits=5, random_state=None, shuffle=False), round=4, cross_validation=False, predict=False, fit_kwargs={}, groups=None, refit=True, probability_threshold=None, experiment_custom_tags=None, verbose=False, system=False, add_to_model_list=True, metrics=None, display=None, model_only=True, return_train_score=False, error_score=0.0, kwargs={})
2026-01-02 20:49:16,094:INFO:Checking exceptions
2026-01-02 20:49:16,095:INFO:Importing libraries
2026-01-02 20:49:16,095:INFO:Copying training dataset
2026-01-02 20:49:16,096:INFO:Defining folds
2026-01-02 20:49:16,096:INFO:Declaring metric variables
2026-01-02 20:49:16,097:INFO:Importing untrained model
2026-01-02 20:49:16,097:INFO:Declaring custom model
2026-01-02 20:49:16,097:INFO:Linear Discriminant Analysis Imported successfully
2026-01-02 20:49:16,097:INFO:Cross validation set to False
2026-01-02 20:49:16,097:INFO:Fitting Model
2026-01-02 20:49:16,125:INFO:LinearDiscriminantAnalysis(covariance_estimator=None, n_components=None,
                           priors=None, shrinkage=None, solver='svd',
                           store_covariance=False, tol=0.0001)
2026-01-02 20:49:16,125:INFO:create_model() successfully completed......................................
2026-01-02 20:49:16,237:INFO:_master_model_container: 16
2026-01-02 20:49:16,237:INFO:_display_container: 2
2026-01-02 20:49:16,237:INFO:[GradientBoostingClassifier(ccp_alpha=0.0, criterion='friedman_mse', init=None,
                           learning_rate=0.1, loss='log_loss', max_depth=3,
                           max_features=None, max_leaf_nodes=None,
                           min_impurity_decrease=0.0, min_samples_leaf=1,
                           min_samples_split=2, min_weight_fraction_leaf=0.0,
                           n_estimators=100, n_iter_no_change=None,
                           random_state=42, subsample=1.0, tol=0.0001,
                           validation_fraction=0.1, verbose=0,
                           warm_start=False), <catboost.core.CatBoostClassifier object at 0x397585bd0>, LinearDiscriminantAnalysis(covariance_estimator=None, n_components=None,
                           priors=None, shrinkage=None, solver='svd',
                           store_covariance=False, tol=0.0001)]
2026-01-02 20:49:16,237:INFO:compare_models() successfully completed......................................
2026-01-02 20:49:16,306:INFO:Initializing tune_model()
2026-01-02 20:49:16,306:INFO:tune_model(estimator=GradientBoostingClassifier(ccp_alpha=0.0, criterion='friedman_mse', init=None,
                           learning_rate=0.1, loss='log_loss', max_depth=3,
                           max_features=None, max_leaf_nodes=None,
                           min_impurity_decrease=0.0, min_samples_leaf=1,
                           min_samples_split=2, min_weight_fraction_leaf=0.0,
                           n_estimators=100, n_iter_no_change=None,
                           random_state=42, subsample=1.0, tol=0.0001,
                           validation_fraction=0.1, verbose=0,
                           warm_start=False), fold=5, round=4, n_iter=30, custom_grid=None, optimize=AUC, custom_scorer=None, search_library=scikit-learn, search_algorithm=random, early_stopping=False, early_stopping_max_iters=10, choose_better=True, fit_kwargs=None, groups=None, return_tuner=False, verbose=True, tuner_verbose=True, return_train_score=False, kwargs={}, self=<pycaret.classification.oop.ClassificationExperiment object at 0x12fe6ba60>)
2026-01-02 20:49:16,306:INFO:Checking exceptions
2026-01-02 20:49:16,320:INFO:Copying training dataset
2026-01-02 20:49:16,329:INFO:Checking base model
2026-01-02 20:49:16,330:INFO:Base model : Gradient Boosting Classifier
2026-01-02 20:49:16,333:INFO:Declaring metric variables
2026-01-02 20:49:16,336:INFO:Defining Hyperparameters
2026-01-02 20:49:16,415:INFO:Tuning with n_jobs=-1
2026-01-02 20:49:16,415:INFO:Initializing RandomizedSearchCV
2026-01-02 20:49:19,780:INFO:best_params: {'actual_estimator__subsample': 0.7, 'actual_estimator__n_estimators': 270, 'actual_estimator__min_samples_split': 10, 'actual_estimator__min_samples_leaf': 4, 'actual_estimator__min_impurity_decrease': 0.3, 'actual_estimator__max_features': 'sqrt', 'actual_estimator__max_depth': 6, 'actual_estimator__learning_rate': 0.05}
2026-01-02 20:49:19,780:INFO:Hyperparameter search completed
2026-01-02 20:49:19,780:INFO:SubProcess create_model() called ==================================
2026-01-02 20:49:19,780:INFO:Initializing create_model()
2026-01-02 20:49:19,781:INFO:create_model(self=<pycaret.classification.oop.ClassificationExperiment object at 0x12fe6ba60>, estimator=GradientBoostingClassifier(ccp_alpha=0.0, criterion='friedman_mse', init=None,
                           learning_rate=0.1, loss='log_loss', max_depth=3,
                           max_features=None, max_leaf_nodes=None,
                           min_impurity_decrease=0.0, min_samples_leaf=1,
                           min_samples_split=2, min_weight_fraction_leaf=0.0,
                           n_estimators=100, n_iter_no_change=None,
                           random_state=42, subsample=1.0, tol=0.0001,
                           validation_fraction=0.1, verbose=0,
                           warm_start=False), fold=StratifiedKFold(n_splits=5, random_state=None, shuffle=False), round=4, cross_validation=True, predict=True, fit_kwargs={}, groups=None, refit=True, probability_threshold=None, experiment_custom_tags=None, verbose=True, system=False, add_to_model_list=True, metrics=None, display=<pycaret.internal.display.display.CommonDisplay object at 0x3518d9960>, model_only=True, return_train_score=False, error_score=0.0, kwargs={'subsample': 0.7, 'n_estimators': 270, 'min_samples_split': 10, 'min_samples_leaf': 4, 'min_impurity_decrease': 0.3, 'max_features': 'sqrt', 'max_depth': 6, 'learning_rate': 0.05})
2026-01-02 20:49:19,781:INFO:Checking exceptions
2026-01-02 20:49:19,781:INFO:Importing libraries
2026-01-02 20:49:19,781:INFO:Copying training dataset
2026-01-02 20:49:19,782:INFO:Defining folds
2026-01-02 20:49:19,782:INFO:Declaring metric variables
2026-01-02 20:49:19,784:INFO:Importing untrained model
2026-01-02 20:49:19,784:INFO:Declaring custom model
2026-01-02 20:49:19,785:INFO:Gradient Boosting Classifier Imported successfully
2026-01-02 20:49:19,787:INFO:Starting cross validation
2026-01-02 20:49:19,788:INFO:Cross validating with StratifiedKFold(n_splits=5, random_state=None, shuffle=False), n_jobs=-1
2026-01-02 20:49:20,004:INFO:Calculating mean and std
2026-01-02 20:49:20,005:INFO:Creating metrics dataframe
2026-01-02 20:49:20,007:INFO:Finalizing model
2026-01-02 20:49:20,200:INFO:Uploading results into container
2026-01-02 20:49:20,201:INFO:Uploading model into container now
2026-01-02 20:49:20,201:INFO:_master_model_container: 17
2026-01-02 20:49:20,201:INFO:_display_container: 3
2026-01-02 20:49:20,202:INFO:GradientBoostingClassifier(ccp_alpha=0.0, criterion='friedman_mse', init=None,
                           learning_rate=0.05, loss='log_loss', max_depth=6,
                           max_features='sqrt', max_leaf_nodes=None,
                           min_impurity_decrease=0.3, min_samples_leaf=4,
                           min_samples_split=10, min_weight_fraction_leaf=0.0,
                           n_estimators=270, n_iter_no_change=None,
                           random_state=42, subsample=0.7, tol=0.0001,
                           validation_fraction=0.1, verbose=0,
                           warm_start=False)
2026-01-02 20:49:20,202:INFO:create_model() successfully completed......................................
2026-01-02 20:49:20,261:INFO:SubProcess create_model() end ==================================
2026-01-02 20:49:20,261:INFO:choose_better activated
2026-01-02 20:49:20,262:INFO:SubProcess create_model() called ==================================
2026-01-02 20:49:20,262:INFO:Initializing create_model()
2026-01-02 20:49:20,262:INFO:create_model(self=<pycaret.classification.oop.ClassificationExperiment object at 0x12fe6ba60>, estimator=GradientBoostingClassifier(ccp_alpha=0.0, criterion='friedman_mse', init=None,
                           learning_rate=0.1, loss='log_loss', max_depth=3,
                           max_features=None, max_leaf_nodes=None,
                           min_impurity_decrease=0.0, min_samples_leaf=1,
                           min_samples_split=2, min_weight_fraction_leaf=0.0,
                           n_estimators=100, n_iter_no_change=None,
                           random_state=42, subsample=1.0, tol=0.0001,
                           validation_fraction=0.1, verbose=0,
                           warm_start=False), fold=StratifiedKFold(n_splits=5, random_state=None, shuffle=False), round=4, cross_validation=True, predict=True, fit_kwargs={}, groups=None, refit=True, probability_threshold=None, experiment_custom_tags=None, verbose=False, system=False, add_to_model_list=True, metrics=None, display=None, model_only=True, return_train_score=False, error_score=0.0, kwargs={})
2026-01-02 20:49:20,262:INFO:Checking exceptions
2026-01-02 20:49:20,263:INFO:Importing libraries
2026-01-02 20:49:20,263:INFO:Copying training dataset
2026-01-02 20:49:20,265:INFO:Defining folds
2026-01-02 20:49:20,265:INFO:Declaring metric variables
2026-01-02 20:49:20,265:INFO:Importing untrained model
2026-01-02 20:49:20,265:INFO:Declaring custom model
2026-01-02 20:49:20,265:INFO:Gradient Boosting Classifier Imported successfully
2026-01-02 20:49:20,265:INFO:Starting cross validation
2026-01-02 20:49:20,266:INFO:Cross validating with StratifiedKFold(n_splits=5, random_state=None, shuffle=False), n_jobs=-1
2026-01-02 20:49:20,556:INFO:Calculating mean and std
2026-01-02 20:49:20,557:INFO:Creating metrics dataframe
2026-01-02 20:49:20,557:INFO:Finalizing model
2026-01-02 20:49:20,824:INFO:Uploading results into container
2026-01-02 20:49:20,825:INFO:Uploading model into container now
2026-01-02 20:49:20,825:INFO:_master_model_container: 18
2026-01-02 20:49:20,825:INFO:_display_container: 4
2026-01-02 20:49:20,825:INFO:GradientBoostingClassifier(ccp_alpha=0.0, criterion='friedman_mse', init=None,
                           learning_rate=0.1, loss='log_loss', max_depth=3,
                           max_features=None, max_leaf_nodes=None,
                           min_impurity_decrease=0.0, min_samples_leaf=1,
                           min_samples_split=2, min_weight_fraction_leaf=0.0,
                           n_estimators=100, n_iter_no_change=None,
                           random_state=42, subsample=1.0, tol=0.0001,
                           validation_fraction=0.1, verbose=0,
                           warm_start=False)
2026-01-02 20:49:20,825:INFO:create_model() successfully completed......................................
2026-01-02 20:49:20,884:INFO:SubProcess create_model() end ==================================
2026-01-02 20:49:20,884:INFO:GradientBoostingClassifier(ccp_alpha=0.0, criterion='friedman_mse', init=None,
                           learning_rate=0.1, loss='log_loss', max_depth=3,
                           max_features=None, max_leaf_nodes=None,
                           min_impurity_decrease=0.0, min_samples_leaf=1,
                           min_samples_split=2, min_weight_fraction_leaf=0.0,
                           n_estimators=100, n_iter_no_change=None,
                           random_state=42, subsample=1.0, tol=0.0001,
                           validation_fraction=0.1, verbose=0,
                           warm_start=False) result for AUC is 0.8815
2026-01-02 20:49:20,884:INFO:GradientBoostingClassifier(ccp_alpha=0.0, criterion='friedman_mse', init=None,
                           learning_rate=0.05, loss='log_loss', max_depth=6,
                           max_features='sqrt', max_leaf_nodes=None,
                           min_impurity_decrease=0.3, min_samples_leaf=4,
                           min_samples_split=10, min_weight_fraction_leaf=0.0,
                           n_estimators=270, n_iter_no_change=None,
                           random_state=42, subsample=0.7, tol=0.0001,
                           validation_fraction=0.1, verbose=0,
                           warm_start=False) result for AUC is 0.8853
2026-01-02 20:49:20,884:INFO:GradientBoostingClassifier(ccp_alpha=0.0, criterion='friedman_mse', init=None,
                           learning_rate=0.05, loss='log_loss', max_depth=6,
                           max_features='sqrt', max_leaf_nodes=None,
                           min_impurity_decrease=0.3, min_samples_leaf=4,
                           min_samples_split=10, min_weight_fraction_leaf=0.0,
                           n_estimators=270, n_iter_no_change=None,
                           random_state=42, subsample=0.7, tol=0.0001,
                           validation_fraction=0.1, verbose=0,
                           warm_start=False) is best model
2026-01-02 20:49:20,884:INFO:choose_better completed
2026-01-02 20:49:20,887:INFO:_master_model_container: 18
2026-01-02 20:49:20,887:INFO:_display_container: 3
2026-01-02 20:49:20,888:INFO:GradientBoostingClassifier(ccp_alpha=0.0, criterion='friedman_mse', init=None,
                           learning_rate=0.05, loss='log_loss', max_depth=6,
                           max_features='sqrt', max_leaf_nodes=None,
                           min_impurity_decrease=0.3, min_samples_leaf=4,
                           min_samples_split=10, min_weight_fraction_leaf=0.0,
                           n_estimators=270, n_iter_no_change=None,
                           random_state=42, subsample=0.7, tol=0.0001,
                           validation_fraction=0.1, verbose=0,
                           warm_start=False)
2026-01-02 20:49:20,888:INFO:tune_model() successfully completed......................................
2026-01-02 20:49:20,952:INFO:Initializing predict_model()
2026-01-02 20:49:20,953:INFO:predict_model(self=<pycaret.classification.oop.ClassificationExperiment object at 0x12fe6ba60>, estimator=GradientBoostingClassifier(ccp_alpha=0.0, criterion='friedman_mse', init=None,
                           learning_rate=0.05, loss='log_loss', max_depth=6,
                           max_features='sqrt', max_leaf_nodes=None,
                           min_impurity_decrease=0.3, min_samples_leaf=4,
                           min_samples_split=10, min_weight_fraction_leaf=0.0,
                           n_estimators=270, n_iter_no_change=None,
                           random_state=42, subsample=0.7, tol=0.0001,
                           validation_fraction=0.1, verbose=0,
                           warm_start=False), probability_threshold=None, encoded_labels=False, raw_score=False, round=4, verbose=True, ml_usecase=None, preprocess=True, encode_labels=<function _SupervisedExperiment.predict_model.<locals>.encode_labels at 0x3515b3910>)
2026-01-02 20:49:20,953:INFO:Checking exceptions
2026-01-02 20:49:20,953:INFO:Preloading libraries
2026-01-02 20:49:21,068:INFO:Initializing plot_model()
2026-01-02 20:49:21,068:INFO:plot_model(plot=confusion_matrix, fold=None, verbose=True, display=None, display_format=None, estimator=GradientBoostingClassifier(ccp_alpha=0.0, criterion='friedman_mse', init=None,
                           learning_rate=0.05, loss='log_loss', max_depth=6,
                           max_features='sqrt', max_leaf_nodes=None,
                           min_impurity_decrease=0.3, min_samples_leaf=4,
                           min_samples_split=10, min_weight_fraction_leaf=0.0,
                           n_estimators=270, n_iter_no_change=None,
                           random_state=42, subsample=0.7, tol=0.0001,
                           validation_fraction=0.1, verbose=0,
                           warm_start=False), feature_name=None, fit_kwargs=None, groups=None, label=False, plot_kwargs=None, save=False, scale=1, self=<pycaret.classification.oop.ClassificationExperiment object at 0x12fe6ba60>, system=True)
2026-01-02 20:49:21,068:INFO:Checking exceptions
2026-01-02 20:49:21,070:INFO:Preloading libraries
2026-01-02 20:49:21,076:INFO:Copying training dataset
2026-01-02 20:49:21,076:INFO:Plot type: confusion_matrix
2026-01-02 20:49:21,153:INFO:Fitting Model
2026-01-02 20:49:21,153:WARNING:/opt/homebrew/lib/python3.10/site-packages/sklearn/base.py:493: UserWarning: X does not have valid feature names, but GradientBoostingClassifier was fitted with feature names

2026-01-02 20:49:21,153:INFO:Scoring test/hold-out set
2026-01-02 20:49:21,201:INFO:Visual Rendered Successfully
2026-01-02 20:49:21,306:INFO:plot_model() successfully completed......................................
2026-01-02 20:49:21,316:INFO:Initializing plot_model()
2026-01-02 20:49:21,316:INFO:plot_model(plot=auc, fold=None, verbose=True, display=None, display_format=None, estimator=GradientBoostingClassifier(ccp_alpha=0.0, criterion='friedman_mse', init=None,
                           learning_rate=0.05, loss='log_loss', max_depth=6,
                           max_features='sqrt', max_leaf_nodes=None,
                           min_impurity_decrease=0.3, min_samples_leaf=4,
                           min_samples_split=10, min_weight_fraction_leaf=0.0,
                           n_estimators=270, n_iter_no_change=None,
                           random_state=42, subsample=0.7, tol=0.0001,
                           validation_fraction=0.1, verbose=0,
                           warm_start=False), feature_name=None, fit_kwargs=None, groups=None, label=False, plot_kwargs=None, save=False, scale=1, self=<pycaret.classification.oop.ClassificationExperiment object at 0x12fe6ba60>, system=True)
2026-01-02 20:49:21,316:INFO:Checking exceptions
2026-01-02 20:49:21,324:INFO:Preloading libraries
2026-01-02 20:49:21,337:INFO:Copying training dataset
2026-01-02 20:49:21,337:INFO:Plot type: auc
2026-01-02 20:49:21,444:INFO:Fitting Model
2026-01-02 20:49:21,445:WARNING:/opt/homebrew/lib/python3.10/site-packages/sklearn/base.py:493: UserWarning: X does not have valid feature names, but GradientBoostingClassifier was fitted with feature names

2026-01-02 20:49:21,445:INFO:Scoring test/hold-out set
2026-01-02 20:49:21,504:INFO:Visual Rendered Successfully
2026-01-02 20:49:21,570:INFO:plot_model() successfully completed......................................
2026-01-02 20:49:21,658:INFO:Initializing plot_model()
2026-01-02 20:49:21,658:INFO:plot_model(plot=feature, fold=None, verbose=True, display=None, display_format=None, estimator=GradientBoostingClassifier(ccp_alpha=0.0, criterion='friedman_mse', init=None,
                           learning_rate=0.05, loss='log_loss', max_depth=6,
                           max_features='sqrt', max_leaf_nodes=None,
                           min_impurity_decrease=0.3, min_samples_leaf=4,
                           min_samples_split=10, min_weight_fraction_leaf=0.0,
                           n_estimators=270, n_iter_no_change=None,
                           random_state=42, subsample=0.7, tol=0.0001,
                           validation_fraction=0.1, verbose=0,
                           warm_start=False), feature_name=None, fit_kwargs=None, groups=None, label=False, plot_kwargs=None, save=False, scale=1, self=<pycaret.classification.oop.ClassificationExperiment object at 0x12fe6ba60>, system=True)
2026-01-02 20:49:21,658:INFO:Checking exceptions
2026-01-02 20:49:21,661:INFO:Preloading libraries
2026-01-02 20:49:21,667:INFO:Copying training dataset
2026-01-02 20:49:21,667:INFO:Plot type: feature
2026-01-02 20:49:21,668:WARNING:No coef_ found. Trying feature_importances_
2026-01-02 20:49:21,740:INFO:Visual Rendered Successfully
2026-01-02 20:49:21,805:INFO:plot_model() successfully completed......................................
2026-01-02 20:49:21,810:INFO:Initializing finalize_model()
2026-01-02 20:49:21,810:INFO:finalize_model(self=<pycaret.classification.oop.ClassificationExperiment object at 0x12fe6ba60>, estimator=GradientBoostingClassifier(ccp_alpha=0.0, criterion='friedman_mse', init=None,
                           learning_rate=0.05, loss='log_loss', max_depth=6,
                           max_features='sqrt', max_leaf_nodes=None,
                           min_impurity_decrease=0.3, min_samples_leaf=4,
                           min_samples_split=10, min_weight_fraction_leaf=0.0,
                           n_estimators=270, n_iter_no_change=None,
                           random_state=42, subsample=0.7, tol=0.0001,
                           validation_fraction=0.1, verbose=0,
                           warm_start=False), fit_kwargs=None, groups=None, model_only=False, experiment_custom_tags=None)
2026-01-02 20:49:21,811:INFO:Finalizing GradientBoostingClassifier(ccp_alpha=0.0, criterion='friedman_mse', init=None,
                           learning_rate=0.05, loss='log_loss', max_depth=6,
                           max_features='sqrt', max_leaf_nodes=None,
                           min_impurity_decrease=0.3, min_samples_leaf=4,
                           min_samples_split=10, min_weight_fraction_leaf=0.0,
                           n_estimators=270, n_iter_no_change=None,
                           random_state=42, subsample=0.7, tol=0.0001,
                           validation_fraction=0.1, verbose=0,
                           warm_start=False)
2026-01-02 20:49:21,812:INFO:Initializing create_model()
2026-01-02 20:49:21,812:INFO:create_model(self=<pycaret.classification.oop.ClassificationExperiment object at 0x12fe6ba60>, estimator=GradientBoostingClassifier(ccp_alpha=0.0, criterion='friedman_mse', init=None,
                           learning_rate=0.05, loss='log_loss', max_depth=6,
                           max_features='sqrt', max_leaf_nodes=None,
                           min_impurity_decrease=0.3, min_samples_leaf=4,
                           min_samples_split=10, min_weight_fraction_leaf=0.0,
                           n_estimators=270, n_iter_no_change=None,
                           random_state=42, subsample=0.7, tol=0.0001,
                           validation_fraction=0.1, verbose=0,
                           warm_start=False), fold=None, round=4, cross_validation=False, predict=False, fit_kwargs={}, groups=None, refit=True, probability_threshold=None, experiment_custom_tags=None, verbose=False, system=False, add_to_model_list=False, metrics=None, display=None, model_only=False, return_train_score=False, error_score=0.0, kwargs={})
2026-01-02 20:49:21,812:INFO:Checking exceptions
2026-01-02 20:49:21,813:INFO:Importing libraries
2026-01-02 20:49:21,813:INFO:Copying training dataset
2026-01-02 20:49:21,813:INFO:Defining folds
2026-01-02 20:49:21,813:INFO:Declaring metric variables
2026-01-02 20:49:21,813:INFO:Importing untrained model
2026-01-02 20:49:21,813:INFO:Declaring custom model
2026-01-02 20:49:21,813:INFO:Gradient Boosting Classifier Imported successfully
2026-01-02 20:49:21,814:INFO:Cross validation set to False
2026-01-02 20:49:21,814:INFO:Fitting Model
2026-01-02 20:49:22,073:INFO:Pipeline(memory=Memory(location=None),
         steps=[('numerical_imputer',
                 TransformerWrapper(exclude=None,
                                    include=['LnguaPortuguesaeLiteraturaI90H',
                                             'MatemticaI120H', 'idade'],
                                    transformer=SimpleImputer(add_indicator=False,
                                                              copy=True,
                                                              fill_value=None,
                                                              keep_empty_features=False,
                                                              missing_values=nan,
                                                              strategy='median'))),
                ('categorical_imputer',
                 TransformerWrapper(excl...
                                            criterion='friedman_mse', init=None,
                                            learning_rate=0.05, loss='log_loss',
                                            max_depth=6, max_features='sqrt',
                                            max_leaf_nodes=None,
                                            min_impurity_decrease=0.3,
                                            min_samples_leaf=4,
                                            min_samples_split=10,
                                            min_weight_fraction_leaf=0.0,
                                            n_estimators=270,
                                            n_iter_no_change=None,
                                            random_state=42, subsample=0.7,
                                            tol=0.0001, validation_fraction=0.1,
                                            verbose=0, warm_start=False))],
         verbose=False)
2026-01-02 20:49:22,073:INFO:create_model() successfully completed......................................
2026-01-02 20:49:22,139:INFO:_master_model_container: 18
2026-01-02 20:49:22,139:INFO:_display_container: 4
2026-01-02 20:49:22,144:INFO:Pipeline(memory=Memory(location=None),
         steps=[('numerical_imputer',
                 TransformerWrapper(exclude=None,
                                    include=['LnguaPortuguesaeLiteraturaI90H',
                                             'MatemticaI120H', 'idade'],
                                    transformer=SimpleImputer(add_indicator=False,
                                                              copy=True,
                                                              fill_value=None,
                                                              keep_empty_features=False,
                                                              missing_values=nan,
                                                              strategy='median'))),
                ('categorical_imputer',
                 TransformerWrapper(excl...
                                            criterion='friedman_mse', init=None,
                                            learning_rate=0.05, loss='log_loss',
                                            max_depth=6, max_features='sqrt',
                                            max_leaf_nodes=None,
                                            min_impurity_decrease=0.3,
                                            min_samples_leaf=4,
                                            min_samples_split=10,
                                            min_weight_fraction_leaf=0.0,
                                            n_estimators=270,
                                            n_iter_no_change=None,
                                            random_state=42, subsample=0.7,
                                            tol=0.0001, validation_fraction=0.1,
                                            verbose=0, warm_start=False))],
         verbose=False)
2026-01-02 20:49:22,144:INFO:finalize_model() successfully completed......................................
2026-01-02 20:49:22,226:INFO:Initializing save_model()
2026-01-02 20:49:22,226:INFO:save_model(model=Pipeline(memory=Memory(location=None),
         steps=[('numerical_imputer',
                 TransformerWrapper(exclude=None,
                                    include=['LnguaPortuguesaeLiteraturaI90H',
                                             'MatemticaI120H', 'idade'],
                                    transformer=SimpleImputer(add_indicator=False,
                                                              copy=True,
                                                              fill_value=None,
                                                              keep_empty_features=False,
                                                              missing_values=nan,
                                                              strategy='median'))),
                ('categorical_imputer',
                 TransformerWrapper(excl...
                                            criterion='friedman_mse', init=None,
                                            learning_rate=0.05, loss='log_loss',
                                            max_depth=6, max_features='sqrt',
                                            max_leaf_nodes=None,
                                            min_impurity_decrease=0.3,
                                            min_samples_leaf=4,
                                            min_samples_split=10,
                                            min_weight_fraction_leaf=0.0,
                                            n_estimators=270,
                                            n_iter_no_change=None,
                                            random_state=42, subsample=0.7,
                                            tol=0.0001, validation_fraction=0.1,
                                            verbose=0, warm_start=False))],
         verbose=False), model_name=melhor_modelo_pycaret, prep_pipe_=Pipeline(memory=FastMemory(location=/var/folders/qq/pvvjcqys15v14km9lr6xcy1w0000gn/T/joblib),
         steps=[('numerical_imputer',
                 TransformerWrapper(exclude=None,
                                    include=['LnguaPortuguesaeLiteraturaI90H',
                                             'MatemticaI120H', 'idade'],
                                    transformer=SimpleImputer(add_indicator=False,
                                                              copy=True,
                                                              fill_value=None,
                                                              keep_empty_features=False,
                                                              missing_values=nan,
                                                              strategy='me...
                                             'descricao_raca'],
                                    transformer=OneHotEncoder(cols=['descricao_responsavel_escolaridade',
                                                                    'descricao_raca'],
                                                              drop_invariant=False,
                                                              handle_missing='return_nan',
                                                              handle_unknown='value',
                                                              return_df=True,
                                                              use_cat_names=True,
                                                              verbose=0))),
                ('normalize',
                 TransformerWrapper(exclude=None, include=None,
                                    transformer=MinMaxScaler(clip=False,
                                                             copy=True,
                                                             feature_range=(0,
                                                                            1))))],
         verbose=False), verbose=True, use_case=MLUsecase.CLASSIFICATION, kwargs={})
2026-01-02 20:49:22,226:INFO:Adding model into prep_pipe
2026-01-02 20:49:22,226:WARNING:Only Model saved as it was a pipeline.
2026-01-02 20:49:22,232:INFO:melhor_modelo_pycaret.pkl saved in current working directory
2026-01-02 20:49:22,237:INFO:Pipeline(memory=Memory(location=None),
         steps=[('numerical_imputer',
                 TransformerWrapper(exclude=None,
                                    include=['LnguaPortuguesaeLiteraturaI90H',
                                             'MatemticaI120H', 'idade'],
                                    transformer=SimpleImputer(add_indicator=False,
                                                              copy=True,
                                                              fill_value=None,
                                                              keep_empty_features=False,
                                                              missing_values=nan,
                                                              strategy='median'))),
                ('categorical_imputer',
                 TransformerWrapper(excl...
                                            criterion='friedman_mse', init=None,
                                            learning_rate=0.05, loss='log_loss',
                                            max_depth=6, max_features='sqrt',
                                            max_leaf_nodes=None,
                                            min_impurity_decrease=0.3,
                                            min_samples_leaf=4,
                                            min_samples_split=10,
                                            min_weight_fraction_leaf=0.0,
                                            n_estimators=270,
                                            n_iter_no_change=None,
                                            random_state=42, subsample=0.7,
                                            tol=0.0001, validation_fraction=0.1,
                                            verbose=0, warm_start=False))],
         verbose=False)
2026-01-02 20:49:22,237:INFO:save_model() successfully completed......................................
2026-01-02 20:49:22,304:INFO:Initializing load_model()
2026-01-02 20:49:22,304:INFO:load_model(model_name=melhor_modelo_pycaret, platform=None, authentication=None, verbose=True)
2026-01-02 20:49:22,330:INFO:Initializing predict_model()
2026-01-02 20:49:22,330:INFO:predict_model(self=<pycaret.classification.oop.ClassificationExperiment object at 0x12fe6ba60>, estimator=Pipeline(memory=FastMemory(location=/var/folders/qq/pvvjcqys15v14km9lr6xcy1w0000gn/T/joblib),
         steps=[('numerical_imputer',
                 TransformerWrapper(exclude=None,
                                    include=['LnguaPortuguesaeLiteraturaI90H',
                                             'MatemticaI120H', 'idade'],
                                    transformer=SimpleImputer(add_indicator=False,
                                                              copy=True,
                                                              fill_value=None,
                                                              keep_empty_features=False,
                                                              missing_values=nan,
                                                              strategy='me...
                                            criterion='friedman_mse', init=None,
                                            learning_rate=0.05, loss='log_loss',
                                            max_depth=6, max_features='sqrt',
                                            max_leaf_nodes=None,
                                            min_impurity_decrease=0.3,
                                            min_samples_leaf=4,
                                            min_samples_split=10,
                                            min_weight_fraction_leaf=0.0,
                                            n_estimators=270,
                                            n_iter_no_change=None,
                                            random_state=42, subsample=0.7,
                                            tol=0.0001, validation_fraction=0.1,
                                            verbose=0, warm_start=False))],
         verbose=False), probability_threshold=None, encoded_labels=False, raw_score=False, round=4, verbose=True, ml_usecase=None, preprocess=True, encode_labels=<function _SupervisedExperiment.predict_model.<locals>.encode_labels at 0x39b56b640>)
2026-01-02 20:49:22,330:INFO:Checking exceptions
2026-01-02 20:49:22,330:INFO:Preloading libraries
2026-01-02 20:49:22,331:INFO:Set up data.
2026-01-02 20:49:22,333:INFO:Set up index.
